Year,State abbreviation,State annual NOx coal output emission rate (lb/MWh),State annual NOx oil output emission rate (lb/MWh),State annual NOx gas output emission rate (lb/MWh),State annual NOx fossil fuel output emission rate (lb/MWh),State ozone season NOx coal output emission rate (lb/MWh),State ozone season NOx oil output emission rate (lb/MWh),State ozone season NOx gas output emission rate (lb/MWh),State ozone season Nox fossil fuel output emission rate (lb/MWh),State annual SO2 coal output emission rate (lb/MWh),State annual SO2 oil output emission rate (lb/MWh),State annual SO2 gas output emission rate (lb/MWh),State annual SO2 fossil fuel output emission rate (lb/MWh),State annual CO2 coal output emission rate (lb/MWh),State annual CO2 oil output emission rate (lb/MWh),State annual CO2 gas output emission rate (lb/MWh),State annual CO2 fossil fuel output emission rate (lb/MWh)
1998,AK,14.818,21.616,2.936,7.569,15.067,23.243,3.175,8.058,24.641,7.661,0.033,4.328,3652.402,1942.278,1311.766,1704.077
1998,AL,5.419,N/A,1.891,5.329,5.298,N/A,1.578,5.182,15.641,N/A,0.034,15.243,2190.036,N/A,1558.084,2173.912
1998,AR,3.571,13.081,2.705,3.441,3.513,5.763,2.929,3.371,6.534,6.606,0.335,5.513,2324.110,2404.441,1201.172,2139.266
1998,AZ,4.608,18.033,3.231,4.494,4.442,11.457,2.856,4.269,5.512,3.962,0.030,5.055,2334.969,4023.276,1255.534,2245.165
1998,CA,5.383,4.853,0.610,0.876,5.383,4.820,0.675,0.924,15.080,11.852,0.010,0.815,1707.471,2118.611,1059.068,1105.994
1998,CO,4.791,8.958,0.697,4.390,4.852,6.304,0.709,4.409,5.942,4.014,0.009,5.351,2337.289,3546.879,797.421,2185.809
1998,CT,4.818,2.825,0.727,3.153,5.566,2.766,0.727,3.124,6.647,8.497,0.442,7.236,2131.150,1933.178,1245.037,1919.837
1998,DC,N/A,5.421,N/A,5.421,N/A,4.180,N/A,4.180,N/A,10.417,N/A,10.417,N/A,2480.187,N/A,2480.187
1998,DE,5.630,7.627,0.183,4.974,5.679,5.605,0.165,4.642,16.484,12.667,0.011,13.612,2432.281,5267.172,329.294,2364.853
1998,FL,5.529,3.817,1.697,4.348,5.519,4.054,1.608,4.382,12.271,10.328,0.109,9.882,2125.671,1417.378,1015.721,1700.776
1998,GA,5.031,9.508,2.427,5.104,4.986,7.929,2.919,5.021,14.666,122.939,0.280,17.019,2135.880,1803.213,1832.872,2124.363
1998,HI,6.810,6.605,N/A,6.637,6.810,6.566,N/A,6.603,3.898,5.568,N/A,5.313,1879.274,1741.660,N/A,1762.708
1998,IA,5.166,12.084,6.334,5.193,5.200,6.367,2.798,5.173,10.606,0.414,0.077,10.511,2431.398,2001.262,1734.188,2425.818
1998,ID,3.939,53.443,0.249,0.721,3.939,69.553,0.240,0.724,9.570,0.773,0.004,1.161,928.648,1957.878,821.827,835.303
1998,IL,7.601,46.145,2.315,7.372,7.723,41.036,2.212,7.383,21.273,106.110,0.563,20.220,2369.668,6744.595,1728.870,2341.186
1998,IN,6.283,33.506,0.555,6.184,6.497,14.860,0.531,6.391,16.573,2.644,0.066,16.280,2359.399,2674.196,538.863,2327.252
1998,KS,5.296,78.117,6.480,5.468,5.237,77.968,5.269,5.293,8.297,1.116,0.055,7.516,2430.423,2902.983,1405.535,2334.505
1998,KY,7.296,N/A,4.642,7.291,7.357,N/A,2.611,7.342,14.261,N/A,0.290,14.235,2257.017,N/A,1549.432,2255.671
1998,LA,4.341,3.984,2.340,3.119,4.141,3.981,2.512,3.093,14.596,7.760,0.185,5.679,2474.795,2322.248,1122.004,1651.056
1998,MA,3.591,2.447,1.109,2.467,3.184,2.785,1.111,2.439,13.312,9.933,0.207,8.206,2097.054,1761.329,1146.428,1698.537
1998,MD,7.274,7.476,1.413,7.007,6.981,5.730,1.398,6.682,17.384,24.719,1.033,16.686,2176.945,2355.085,801.443,2115.198
1998,ME,2.560,3.589,N/A,3.356,2.560,3.549,N/A,3.363,2.118,12.639,N/A,10.259,1858.961,1940.070,N/A,1921.722
1998,MI,5.867,29.875,0.923,5.216,5.760,26.804,0.960,5.118,11.718,17.888,0.319,10.053,2182.475,7884.503,1061.662,2035.908
1998,MN,6.482,22.954,3.283,6.419,6.579,12.175,2.524,6.429,6.490,3.128,0.677,6.339,2464.150,2293.839,1114.393,2429.821
1998,MO,6.723,13.323,5.794,6.736,6.400,6.210,2.644,6.318,9.509,4.636,0.156,9.393,2313.287,2170.045,1574.781,2304.915
1998,MS,4.822,7.129,3.441,5.329,4.677,6.653,3.879,5.197,12.566,20.567,0.257,13.174,2302.872,2027.322,1511.534,2096.171
1998,MT,4.967,4.337,4.595,4.950,4.981,4.334,2.242,4.955,2.512,10.159,0.061,2.705,2409.013,2812.443,1707.645,2418.339
1998,NC,7.190,0.852,1.354,7.050,7.140,0.846,1.121,6.933,13.715,1.323,0.046,13.404,2124.773,425.695,1364.052,2101.178
1998,ND,7.173,14.502,N/A,7.174,7.165,6.093,N/A,7.165,14.328,6.744,N/A,14.327,2744.911,2627.448,N/A,2744.896
1998,NE,5.296,25.888,8.869,5.388,5.108,12.993,7.227,5.203,6.313,1.613,0.163,6.199,2410.219,2048.622,2045.215,2403.357
1998,NH,6.837,3.291,N/A,5.798,5.256,3.223,N/A,4.662,22.777,20.976,N/A,22.250,2344.947,2077.422,N/A,2266.558
1998,NJ,6.863,4.247,0.710,2.759,6.609,2.777,0.663,2.659,11.413,2.066,0.051,3.763,2558.866,1327.316,1044.481,1539.412
1998,NM,5.820,6.855,2.106,5.320,5.750,6.418,2.184,5.205,5.865,3.823,0.009,5.076,2366.096,2043.141,1277.568,2219.464
1998,NV,4.898,-66.621,2.436,4.089,4.877,-58.664,2.453,3.964,5.767,-1.210,0.048,3.885,2191.051,-2446.857,1236.819,1877.054
1998,NY,4.867,2.555,1.214,2.590,4.879,2.541,1.281,2.544,19.062,7.946,0.436,7.579,2295.740,1753.027,1234.693,1658.574
1998,OH,8.049,42.677,2.769,8.028,7.973,16.826,2.237,7.931,21.968,1.118,0.189,21.870,2151.233,2094.007,1745.663,2149.433
1998,OK,4.441,36.751,3.522,4.159,4.443,36.751,3.331,4.053,6.176,0.163,0.010,4.277,2210.365,1381.197,1234.635,1909.842
1998,OR,4.783,N/A,0.844,2.128,4.671,N/A,0.894,1.973,7.635,N/A,0.013,2.496,2361.959,N/A,940.399,1403.569
1998,PA,4.385,7.446,0.604,4.305,4.158,4.853,0.535,4.077,17.497,3.359,0.135,16.988,2078.050,1841.330,968.887,2048.767
1998,RI,N/A,6.667,0.253,0.318,N/A,6.667,0.102,0.164,N/A,1.372,0.007,0.021,N/A,384.185,995.155,988.974
1998,SC,5.060,15.045,0.698,4.988,5.202,6.673,0.632,5.086,10.608,3.626,0.056,10.400,1857.722,2763.277,693.209,1836.594
1998,SD,15.053,13.745,1.346,14.310,15.102,5.698,1.185,13.547,14.009,3.242,0.013,13.197,2388.231,2347.443,1509.615,2340.873
1998,TN,8.154,N/A,0.506,8.121,8.065,N/A,0.506,8.036,16.233,N/A,0.003,16.163,2043.335,N/A,611.726,2037.161
1998,TX,4.063,2.590,2.182,3.017,4.010,2.590,2.384,3.043,9.896,6.106,0.008,4.416,2348.995,1765.563,1144.453,1680.819
1998,UT,4.665,49.249,4.499,4.666,4.692,49.249,3.409,4.667,2.023,0.712,0.015,1.994,2285.278,1865.985,1370.277,2272.230
1998,VA,6.107,3.357,0.816,5.782,6.073,3.078,0.689,5.705,12.324,0.749,0.051,11.537,2188.179,2310.047,1186.960,2131.010
1998,VT,N/A,12.962,N/A,12.962,N/A,62.339,N/A,62.339,N/A,5.706,N/A,5.706,N/A,2270.944,N/A,2270.944
1998,WA,5.027,76.402,1.379,4.140,5.059,58.051,1.260,3.975,16.216,1.652,0.101,12.291,2450.289,2673.433,1038.745,2106.553
1998,WI,5.485,0.914,2.493,5.326,5.419,0.892,1.868,5.199,10.846,0.132,0.173,10.398,2397.988,965.406,1725.192,2353.333
1998,WV,6.573,N/A,0.838,6.571,6.546,N/A,0.838,6.544,14.739,N/A,0.005,14.734,2067.186,N/A,999.350,2066.826
1998,WY,4.730,N/A,0.984,4.701,4.708,N/A,0.984,4.678,4.884,N/A,0.007,4.847,2556.118,N/A,1035.299,2544.391
1999,AK,11.286,18.799,3.129,6.691,11.397,19.597,3.465,7.253,7.682,7.874,0.036,2.199,2375.062,1765.935,1244.942,1455.243
1999,AL,4.969,1.600,2.842,4.932,4.886,1.600,2.444,4.841,14.518,0.385,0.071,14.272,2229.477,1341.184,1902.716,2223.533
1999,AR,3.581,9.720,3.264,3.556,3.626,8.558,3.598,3.657,6.219,0.860,0.357,5.283,2353.521,1616.886,1211.600,2172.431
1999,AZ,4.273,31.445,3.602,4.211,4.179,30.530,3.300,4.083,3.869,1.037,0.044,3.492,2278.123,1759.259,1288.899,2180.678
1999,CA,6.376,9.680,0.716,1.039,6.376,9.669,0.729,1.049,7.548,15.696,0.011,0.498,2176.678,2288.090,1051.835,1107.836
1999,CO,4.334,18.280,0.891,3.924,4.350,15.197,0.850,3.889,5.515,2.646,0.018,4.834,2315.889,1566.394,947.532,2146.248
1999,CT,6.825,2.470,1.085,2.589,6.825,2.236,1.055,2.390,1.743,8.620,1.981,6.204,1963.966,1815.061,1233.825,1684.327
1999,DC,N/A,5.790,N/A,5.790,N/A,4.601,N/A,4.601,N/A,12.896,N/A,12.896,N/A,2671.277,N/A,2671.277
1999,DE,4.387,3.534,0.166,3.274,3.968,3.592,0.127,2.836,12.439,6.313,0.003,8.799,2111.576,1696.740,309.110,1631.194
1999,FL,5.190,4.358,1.712,4.132,5.374,4.437,1.718,4.184,11.456,11.394,1.173,9.043,2055.905,1455.889,1205.121,1679.217
1999,GA,4.625,7.054,2.494,4.614,4.561,5.519,2.940,4.544,13.431,11.698,0.080,13.144,2072.466,2183.155,1457.517,2061.758
1999,HI,7.038,5.897,N/A,6.072,7.038,5.870,N/A,6.048,2.705,5.139,N/A,4.766,2013.376,1754.852,N/A,1794.552
1999,IA,5.085,14.714,4.587,5.111,5.133,8.655,3.273,5.129,9.638,0.851,0.964,9.522,2416.518,1969.974,1705.437,2407.866
1999,ID,6.515,36.054,1.224,2.330,6.515,51.744,0.982,1.952,14.651,2.882,0.006,3.028,1547.962,1780.247,1520.638,1526.384
1999,IL,7.396,7.017,2.116,7.093,7.188,4.815,2.166,6.811,19.279,9.934,0.289,17.993,2354.882,2498.987,1556.817,2314.043
1999,IN,5.827,13.328,2.186,5.791,5.936,5.588,2.065,5.895,15.666,2.982,0.489,15.509,2310.330,2262.850,1311.849,2300.141
1999,KS,5.483,34.226,7.486,5.671,5.341,34.225,6.958,5.550,7.764,2.359,1.260,7.171,2517.993,1624.182,1521.438,2427.221
1999,KY,6.870,N/A,4.374,6.865,7.120,N/A,2.418,7.106,14.659,N/A,0.101,14.633,2325.811,N/A,1568.296,2324.420
1999,LA,4.295,4.179,2.818,3.366,4.374,4.179,2.969,3.465,13.694,5.812,0.140,5.021,2421.339,1632.311,1165.733,1616.620
1999,MA,3.519,2.664,1.315,2.558,3.230,2.861,1.327,2.478,12.398,10.215,0.207,7.750,2153.802,1902.301,1081.533,1729.373
1999,MD,6.179,4.698,1.007,6.005,5.604,4.551,0.846,5.433,16.133,14.071,0.630,15.672,2121.131,1862.495,732.630,2077.959
1999,ME,1.697,2.639,1.221,2.474,1.697,3.347,1.221,3.065,1.889,8.807,1.640,7.670,1289.553,1497.814,1370.036,1465.754
1999,MI,5.225,9.704,1.453,4.677,5.209,8.815,1.408,4.651,11.023,4.313,0.195,9.381,2161.449,1843.815,1058.836,1995.494
1999,MN,6.083,19.002,1.744,5.930,6.166,9.094,1.551,5.965,6.286,2.988,0.409,6.050,2351.780,2528.543,1033.699,2300.095
1999,MO,5.921,15.960,3.800,5.921,6.039,8.649,2.064,5.944,8.525,2.340,0.052,8.370,2321.457,2350.879,1252.082,2304.633
1999,MS,4.877,8.130,4.764,5.164,4.875,7.378,5.186,5.208,11.393,21.378,4.377,9.971,2179.816,2552.084,1724.866,2060.079
1999,MT,5.006,8.050,4.930,5.091,4.675,8.040,2.722,4.770,2.580,12.716,0.056,2.861,2429.603,3479.869,1914.926,2458.526
1999,NC,5.884,6.408,2.466,5.834,5.705,4.893,2.057,5.623,12.759,2.273,0.045,12.570,2104.070,1810.446,1395.330,2093.554
1999,ND,5.589,15.061,N/A,5.591,5.687,6.533,N/A,5.687,13.252,6.437,N/A,13.251,2630.204,2730.057,N/A,2630.225
1999,NE,4.975,27.037,5.871,5.010,4.879,14.716,4.155,4.875,6.837,2.277,0.154,6.726,2456.043,2249.965,1433.089,2439.569
1999,NH,5.684,3.433,N/A,4.979,3.973,3.146,N/A,3.648,23.514,20.160,N/A,22.463,2360.375,2107.121,N/A,2281.065
1999,NJ,6.072,6.058,1.006,2.780,4.959,3.974,0.951,2.335,11.484,1.816,0.034,3.911,2503.883,2172.478,1038.477,1547.238
1999,NM,5.690,14.406,2.288,5.260,5.682,14.805,2.339,5.238,5.223,6.211,0.011,4.562,2368.967,2589.991,1329.743,2237.240
1999,NV,4.257,-28.419,2.690,3.703,4.264,-24.569,2.886,3.752,5.730,-2.235,0.030,3.713,2180.930,-1408.880,1198.449,1833.303
1999,NY,3.983,3.405,1.289,2.223,4.284,2.884,1.522,2.268,17.286,11.047,1.249,6.595,2072.011,1989.372,1392.288,1632.888
1999,OH,6.970,18.423,3.147,6.945,6.904,8.395,2.922,6.865,21.313,3.298,0.179,21.154,2171.282,2217.937,1762.363,2168.300
1999,OK,4.524,N/A,3.822,4.314,4.474,N/A,3.836,4.248,5.868,N/A,0.686,4.321,2227.037,N/A,1249.468,1935.154
1999,OR,4.856,N/A,0.768,2.196,4.922,N/A,0.774,2.120,9.035,N/A,0.022,3.170,2335.570,N/A,919.198,1413.867
1999,PA,4.196,7.133,0.932,4.131,3.643,5.187,0.924,3.589,16.768,3.921,0.049,16.292,2001.798,1677.686,853.616,1971.965
1999,RI,N/A,0.481,0.496,0.489,N/A,0.488,0.496,0.492,N/A,0.074,0.008,0.036,N/A,1042.148,1011.805,1024.795
1999,SC,4.271,11.591,0.721,4.204,4.227,5.678,0.834,4.141,10.383,2.726,0.036,10.146,1845.080,2210.257,984.696,1826.778
1999,SD,13.131,13.881,2.373,12.725,13.209,6.255,2.339,12.531,14.158,3.869,0.016,13.577,2228.898,2389.540,1530.170,2203.017
1999,TN,6.543,N/A,1.016,6.503,6.580,N/A,1.043,6.542,15.220,N/A,0.010,15.110,2107.679,N/A,651.936,2097.116
1999,TX,3.788,6.579,2.155,2.909,3.717,6.574,2.245,2.883,9.603,12.498,0.012,4.393,2256.519,2884.095,1148.784,1655.758
1999,UT,4.289,26.659,6.259,4.320,4.282,26.648,6.559,4.317,1.800,2.183,0.026,1.772,2254.412,1327.449,1358.345,2240.519
1999,VA,4.977,14.006,1.478,4.775,4.923,8.696,1.368,4.706,11.478,2.326,0.081,10.749,2065.355,1937.962,1368.903,2021.548
1999,VT,N/A,14.669,N/A,14.669,N/A,9.155,N/A,9.155,N/A,4.233,N/A,4.233,N/A,2614.702,N/A,2614.702
1999,WA,5.041,57.555,0.858,3.829,5.008,70.560,0.887,3.785,20.268,5.473,0.045,14.405,2458.553,2871.515,1426.730,2159.424
1999,WI,5.327,10.118,1.342,5.197,5.348,6.432,1.549,5.178,10.094,2.126,0.032,9.720,2408.195,1678.432,1212.525,2364.260
1999,WV,6.236,N/A,2.382,6.233,6.187,N/A,2.382,6.184,14.857,N/A,2.557,14.848,2060.341,N/A,1096.631,2059.630
1999,WY,4.595,N/A,1.858,4.572,4.667,N/A,1.858,4.643,4.770,N/A,0.011,4.731,2547.732,N/A,1255.620,2536.950
2000,AK,10.804,17.401,3.288,5.802,10.736,19.292,3.610,6.322,6.024,7.726,0.041,1.610,2857.345,1855.692,1312.061,1542.217
2000,AL,4.551,N/A,2.678,4.493,4.377,N/A,2.337,4.310,12.864,N/A,0.415,12.483,2203.939,N/A,1516.718,2182.945
2000,AR,3.666,36.010,4.230,3.740,3.751,36.010,4.922,3.925,6.055,5.632,1.136,5.411,2366.156,1802.888,1874.291,2301.718
2000,AZ,4.162,15.665,4.232,4.174,4.170,16.618,4.037,4.147,3.388,1.584,0.117,2.900,2226.826,2950.484,1332.356,2093.451
2000,CA,6.678,6.022,0.719,0.963,6.678,6.004,0.793,1.027,6.789,7.305,0.020,0.319,2127.100,2368.586,1138.253,1184.692
2000,CO,4.110,10.534,0.918,3.618,4.044,10.637,0.920,3.540,5.019,2.678,0.018,4.221,2303.938,1752.533,932.357,2085.369
2000,CT,4.220,2.340,0.515,2.475,4.196,1.820,0.523,2.189,4.785,7.080,0.042,5.081,1811.369,1694.186,935.003,1574.820
2000,DC,N/A,5.212,N/A,5.212,N/A,3.889,N/A,3.889,N/A,13.622,N/A,13.622,N/A,2656.955,N/A,2656.955
2000,DE,4.186,5.691,0.251,3.678,3.902,5.399,0.210,3.309,16.145,9.096,0.017,13.743,2343.558,2201.057,360.949,2065.804
2000,FL,4.760,3.187,1.643,3.681,4.783,3.413,1.677,3.720,8.620,6.892,1.900,6.850,2002.091,1279.309,1098.508,1599.844
2000,GA,4.619,5.274,0.710,4.485,4.517,5.136,1.030,4.380,12.835,12.736,0.089,12.372,2084.060,2137.857,1335.881,2057.631
2000,HI,4.380,5.891,N/A,5.647,4.380,5.746,N/A,5.532,2.232,5.471,N/A,4.948,1966.470,1861.487,N/A,1878.453
2000,IA,4.685,13.758,7.460,4.714,4.597,8.462,3.511,4.608,8.093,2.297,0.098,8.059,2301.701,1971.696,1919.774,2299.945
2000,ID,8.228,35.347,0.518,1.198,8.228,56.023,0.435,1.011,13.723,2.560,0.005,1.049,1748.074,1748.125,1079.405,1131.832
2000,IL,5.727,29.883,1.745,5.521,5.883,28.940,2.322,5.696,10.619,2.403,0.607,10.090,2308.122,1740.818,1482.861,2264.473
2000,IN,5.255,18.630,1.563,5.222,5.228,22.094,1.539,5.193,13.593,2.903,0.193,13.465,2185.483,2365.516,1337.655,2177.513
2000,KS,5.191,50.410,6.723,5.331,5.106,50.410,6.206,5.244,6.931,1.704,2.107,6.516,2422.829,2382.096,1493.800,2343.179
2000,KY,5.454,N/A,1.317,5.443,5.278,N/A,1.262,5.266,12.929,N/A,0.028,12.893,2288.793,N/A,1360.954,2286.185
2000,LA,4.117,4.193,2.585,3.190,4.057,4.193,2.742,3.228,11.210,6.053,0.242,4.464,2344.701,1638.310,1419.852,1770.537
2000,MA,3.476,2.451,0.982,2.373,3.155,2.428,1.000,2.236,11.870,10.060,0.178,7.368,2099.100,1823.239,1064.458,1674.822
2000,MD,5.177,5.365,0.525,5.048,4.396,5.365,0.450,4.299,15.247,13.774,0.403,14.776,2054.267,1748.369,496.674,2000.457
2000,ME,2.290,3.000,0.214,1.525,2.290,2.595,0.192,1.355,2.464,8.970,0.019,3.791,1407.371,1803.922,815.795,1265.659
2000,MI,4.639,8.471,1.275,4.163,4.696,8.476,1.272,4.238,10.474,4.333,0.232,8.960,2149.199,1933.179,1017.827,1983.637
2000,MN,5.735,25.247,2.150,5.644,5.564,20.434,2.106,5.458,7.571,4.832,0.123,7.347,2464.542,3605.448,1171.793,2426.966
2000,MO,5.040,15.817,2.996,4.996,4.802,10.290,3.133,4.745,7.386,1.251,0.031,7.126,2270.898,2287.950,2908.884,2292.299
2000,MS,4.865,7.587,4.666,5.064,4.903,6.378,4.189,4.802,12.348,26.180,2.498,10.482,2172.064,2045.943,1619.662,1979.780
2000,MT,4.440,6.054,4.657,4.487,3.715,6.054,3.111,3.782,2.544,9.317,0.051,2.738,2296.830,2540.540,1889.862,2303.582
2000,NC,4.572,3.447,2.966,4.544,4.386,3.190,1.734,4.316,12.162,1.095,0.439,11.960,2037.384,1514.164,1798.788,2033.236
2000,ND,5.375,12.253,N/A,5.378,5.489,9.578,N/A,5.491,10.464,5.270,N/A,10.462,2571.329,2222.394,N/A,2571.186
2000,NE,4.615,25.267,5.057,4.654,4.548,19.383,3.757,4.548,6.535,2.111,0.459,6.399,2322.493,1929.128,1635.068,2307.312
2000,NH,4.020,2.705,1.434,3.830,2.353,2.338,1.434,2.337,23.268,19.880,0.404,22.524,2333.808,2206.732,1106.666,2300.049
2000,NJ,5.709,3.056,0.875,2.707,4.398,2.283,0.860,2.229,11.787,3.936,0.118,4.523,2362.047,1554.497,1007.171,1519.814
2000,NM,5.634,3.009,2.138,5.154,5.697,3.000,2.185,5.180,4.712,3.493,0.010,4.071,2298.524,1889.497,1218.722,2150.964
2000,NV,4.050,47.863,2.223,3.309,4.070,21.495,2.411,3.392,5.570,4.551,0.047,3.319,2123.291,2372.770,1165.348,1732.917
2000,NY,4.076,2.970,1.137,2.359,3.785,2.838,1.128,2.235,17.561,8.901,0.402,7.181,2121.335,2146.806,1258.560,1673.863
2000,OH,5.844,21.164,3.659,5.834,5.684,19.204,3.297,5.671,18.919,4.506,0.073,18.810,2101.631,3534.592,1766.882,2099.960
2000,OK,4.005,N/A,3.324,3.803,3.925,N/A,3.209,3.678,5.111,N/A,0.090,3.621,2201.726,N/A,1243.640,1917.475
2000,OR,4.349,N/A,1.170,2.108,4.264,N/A,1.145,1.791,7.566,N/A,0.025,2.250,2109.633,N/A,978.796,1312.507
2000,PA,4.465,4.603,0.826,4.399,4.270,4.491,0.845,4.208,15.948,17.456,0.072,15.679,2042.188,2155.114,891.755,2022.783
2000,RI,N/A,9.441,0.403,0.495,N/A,9.441,0.397,0.490,N/A,18.120,0.011,0.196,N/A,2874.304,1002.805,1021.876
2000,SC,3.917,15.067,0.618,3.857,3.933,11.321,0.597,3.863,8.928,3.686,0.133,8.743,1805.857,2874.300,984.817,1789.702
2000,SD,9.578,14.639,1.556,9.357,9.381,15.229,1.424,9.009,7.497,3.656,0.094,7.270,2215.380,2496.557,1673.543,2200.304
2000,TN,5.028,N/A,1.139,4.999,4.866,N/A,1.363,4.841,13.316,N/A,0.016,13.217,2080.365,N/A,1125.279,2073.296
2000,TX,3.385,6.618,1.925,2.564,3.324,6.618,2.037,2.568,7.846,11.851,0.052,3.414,2307.430,2959.402,1140.432,1643.953
2000,UT,4.573,31.711,2.874,4.546,4.650,31.711,2.671,4.607,1.638,2.151,0.028,1.599,2167.219,1574.131,1405.086,2148.514
2000,VA,4.268,9.825,0.691,4.065,4.186,9.153,0.651,3.982,10.324,1.411,0.126,9.684,2082.275,1275.783,1120.463,2021.994
2000,VT,N/A,13.338,N/A,13.338,N/A,16.338,N/A,16.338,N/A,6.440,N/A,6.440,N/A,2330.842,N/A,2330.842
2000,WA,4.280,60.276,1.947,3.251,5.510,41.440,1.727,3.338,17.770,5.732,0.173,10.001,2200.154,3007.298,1329.220,1815.663
2000,WI,5.029,2.709,1.039,4.879,4.807,6.499,1.018,4.662,9.031,0.244,0.053,8.691,2351.793,1305.221,1303.507,2312.055
2000,WV,5.860,N/A,3.483,5.859,5.763,N/A,3.483,5.762,13.045,N/A,5.659,13.042,2053.137,N/A,1291.943,2052.767
2000,WY,4.190,N/A,1.413,4.169,4.155,N/A,1.413,4.133,3.873,N/A,0.008,3.843,2383.547,N/A,957.577,2372.508
2004,AK,4.866,12.691,3.075,4.758,4.717,14.872,3.367,5.248,3.113,7.425,0.040,1.556,1702.747,1681.041,1328.969,1431.064
2004,AL,3.426,27.220,0.280,3.034,2.867,27.220,0.223,2.453,10.352,2.761,0.012,9.062,2056.719,1782.526,982.258,1922.737
2004,AR,2.998,2.568,1.253,2.706,3.000,2.143,1.407,2.678,6.075,7.201,1.271,5.271,2210.112,1690.769,1554.374,2099.883
2004,AZ,4.019,15.676,0.541,2.741,4.012,14.912,0.635,2.597,3.010,3.074,0.014,1.909,2265.494,1967.774,1238.070,1888.004
2004,CA,0.754,1.532,0.438,0.463,0.755,1.482,0.421,0.446,3.020,7.742,0.022,0.222,2247.887,2011.438,1224.186,1265.055
2004,CO,3.832,25.898,0.534,3.081,3.858,27.511,0.492,3.047,3.558,6.674,0.011,2.750,2351.447,4237.484,980.847,2039.068
2004,CT,2.552,2.419,0.331,1.296,2.365,2.373,0.354,1.099,1.791,4.122,0.022,1.070,2094.270,1909.712,1333.425,1648.177
2004,DC,N/A,5.046,N/A,5.046,N/A,5.104,N/A,5.104,N/A,9.500,N/A,9.500,N/A,3614.251,N/A,3614.251
2004,DE,3.790,1.034,0.248,3.080,3.330,1.030,0.266,2.694,13.683,0.570,0.175,10.315,2203.408,641.587,1238.773,1804.224
2004,FL,3.897,2.364,0.687,2.451,3.876,2.477,0.711,2.417,6.334,6.278,0.129,4.386,1858.172,1327.198,1094.758,1465.686
2004,GA,2.535,7.055,0.624,2.418,1.677,12.531,0.637,1.584,13.837,20.056,0.016,12.975,2033.209,2748.351,1259.838,1985.150
2004,HI,1.391,4.269,N/A,3.785,1.256,4.353,N/A,3.842,1.142,5.137,N/A,4.465,1876.158,1709.228,N/A,1737.304
2004,IA,4.570,15.715,1.377,4.524,4.430,18.008,1.870,4.415,7.845,3.799,0.059,7.694,2338.290,2281.302,1262.917,2318.073
2004,ID,4.835,26.898,0.205,0.479,4.022,26.898,0.220,0.449,6.049,2.729,0.006,0.360,1438.801,1761.406,816.824,853.358
2004,IL,3.028,3.752,1.544,2.978,1.868,3.044,1.048,1.827,7.910,0.395,1.208,7.675,2264.041,265.681,1508.769,2236.999
2004,IN,3.736,-5.751,0.590,3.702,2.649,-10.128,0.750,2.625,14.292,-1.663,0.018,14.134,2154.801,-1065.660,1546.403,2148.077
2004,KS,5.160,31.515,4.869,5.150,4.955,31.514,4.545,4.933,6.621,3.014,11.381,6.832,2438.288,2096.417,1850.188,2412.085
2004,KY,3.679,28.192,1.053,3.670,2.128,28.192,1.016,2.124,11.457,2.715,0.027,11.416,2149.287,1846.179,1341.163,2146.329
2004,LA,3.088,1.750,1.460,2.153,3.062,1.663,1.615,2.224,7.366,8.267,0.552,3.489,2171.382,1017.231,1108.505,1559.030
2004,MA,2.670,1.787,0.404,1.271,2.488,1.087,0.368,1.037,8.375,9.790,0.536,4.244,1964.025,1717.338,1124.641,1458.649
2004,MD,3.757,1.592,1.282,3.670,2.673,2.086,0.991,2.614,17.583,2.066,0.393,16.966,2000.729,556.237,1312.643,1961.583
2004,ME,2.277,1.881,0.298,0.590,2.240,2.018,0.290,0.528,1.845,8.834,0.027,0.816,572.676,1630.065,1122.060,1108.012
2004,MI,3.386,0.033,0.894,2.682,3.024,0.039,0.850,2.375,9.904,0.018,0.231,7.454,2139.495,11.598,1103.347,1780.410
2004,MN,4.895,11.417,1.128,4.820,4.809,11.171,1.397,4.745,6.059,3.513,0.894,5.952,2305.895,2255.224,1213.956,2283.596
2004,MO,3.385,30.001,0.675,3.296,2.625,54.748,0.655,2.530,7.640,7.312,0.018,7.382,2132.385,4866.088,1118.174,2098.336
2004,MS,3.940,7.722,0.510,3.447,3.826,6.974,0.426,3.080,7.679,10.374,0.035,5.956,2435.426,1774.547,874.712,1951.652
2004,MT,4.304,2.478,1.988,4.258,4.217,2.372,1.858,4.167,2.363,10.418,0.067,2.557,2314.859,3976.310,7514.824,2359.006
2004,NC,3.244,1.140,0.324,3.149,2.298,1.414,0.302,2.190,12.483,0.286,0.066,12.071,1963.316,733.829,1079.880,1933.080
2004,ND,5.305,4.750,-1.744,5.305,5.183,4.750,-1.744,5.183,10.187,3.222,-0.021,10.185,2533.063,2138.433,-735.443,2532.974
2004,NE,4.737,12.705,2.959,4.719,4.592,11.827,2.648,4.553,7.571,2.874,0.097,7.475,2328.066,2013.827,1351.653,2315.677
2004,NH,2.920,3.154,0.103,1.598,2.252,2.691,0.097,1.344,18.195,18.754,0.010,9.507,2297.832,2048.362,873.287,1570.829
2004,NJ,4.115,0.079,0.320,1.164,3.249,0.114,0.321,0.948,9.825,0.075,0.026,2.465,2238.786,58.335,794.847,867.570
2004,NM,4.872,40.496,2.331,4.640,4.857,40.482,2.429,4.608,2.620,4.172,0.017,2.382,2057.313,2651.895,1782.824,2032.233
2004,NV,4.201,-15.479,1.066,2.716,4.331,-15.479,1.028,2.647,5.945,-1.582,0.036,3.146,2222.101,-1013.645,1118.657,1699.348
2004,NY,2.798,2.117,0.626,1.893,2.599,1.866,0.563,1.673,13.469,6.038,0.101,6.699,2157.735,1706.844,1306.622,1734.943
2004,OH,4.194,13.912,0.759,4.159,2.427,15.551,0.712,2.396,17.196,4.188,0.033,17.020,2010.137,2700.096,1533.799,2005.317
2004,OK,3.528,0.261,1.690,2.861,3.383,0.337,1.589,2.638,5.818,0.019,0.009,3.711,2210.537,61.449,1123.913,1815.758
2004,OR,4.402,N/A,0.704,1.499,4.259,N/A,0.773,1.232,6.986,N/A,0.019,1.517,2267.747,N/A,1153.135,1392.711
2004,PA,3.045,3.662,0.528,2.860,1.964,3.153,0.455,1.794,16.569,5.132,0.023,15.333,2026.921,2147.703,1242.131,1969.049
2004,RI,N/A,4.818,0.278,0.323,N/A,4.792,0.259,0.298,N/A,5.022,0.025,0.075,N/A,1173.290,1071.192,1072.207
2004,SC,2.883,0.883,0.355,2.706,2.360,0.864,0.294,2.154,9.574,0.411,0.015,8.901,1788.397,269.657,1199.934,1745.968
2004,SD,9.828,9.925,1.181,9.547,9.559,22.562,1.142,9.128,8.270,4.498,0.070,7.997,2454.500,2925.648,1703.726,2430.790
2004,TN,3.828,0.929,1.345,3.820,2.176,0.675,1.322,2.171,10.521,0.096,0.045,10.488,2087.610,1497.846,1445.594,2085.713
2004,TX,2.024,3.484,0.656,1.288,1.969,3.559,0.653,1.226,7.920,1.997,0.029,3.579,2281.887,1425.954,1197.418,1684.977
2004,UT,3.947,20.154,1.457,3.888,3.969,20.154,1.206,3.873,1.994,2.147,0.018,1.947,2169.891,1319.827,1643.568,2157.431
2004,VA,3.380,2.662,1.084,3.154,2.549,2.512,0.968,2.342,10.474,0.897,2.157,9.628,2022.414,1822.788,1720.380,1992.269
2004,VT,N/A,1.100,N/A,1.100,N/A,0.677,N/A,0.677,N/A,0.953,N/A,0.953,N/A,611.766,N/A,611.766
2004,WA,2.871,8.993,1.160,2.128,2.717,8.831,1.125,1.992,1.342,5.689,0.030,0.773,2255.277,3986.704,1385.564,1877.628
2004,WI,3.594,0.027,1.428,2.976,3.487,0.033,1.360,2.898,8.840,0.059,0.083,7.185,2284.014,9.411,1373.814,1908.614
2004,WV,4.004,N/A,0.597,3.999,2.144,N/A,0.450,2.141,10.941,N/A,0.037,10.925,2031.004,N/A,1095.768,2029.611
2004,WY,4.347,N/A,2.200,4.339,4.391,N/A,2.468,4.384,4.069,N/A,0.893,4.057,2346.349,N/A,959.143,2341.092
2005,AK,5.3261,12.9804,2.2731,4.2551,5.0992,13.6334,2.5248,4.4607,3.2912,6.3433,0.0379,1.3854,"1,854.54","1,646.52","1,268.61","1,397.83"
2005,AL,3.2544,25.3367,0.2195,2.9170,2.4992,25.3357,0.1992,2.1429,11.2982,1.9509,0.0122,10.0049,"2,129.69","1,675.95",955.30,"1,999.16"
2005,AR,2.9657,27.5972,0.4364,2.4440,3.0640,27.5963,0.4452,2.3109,5.7013,2.0952,0.2373,4.5730,"2,272.37","1,825.47","1,020.15","2,013.80"
2005,AZ,3.8701,1.6175,0.2104,2.3701,3.8633,1.8532,0.1993,2.1873,2.6124,0.0515,0.0048,1.5403,"2,271.30","1,491.49",878.45,"1,700.71"
2005,CA,0.9806,1.4825,0.3033,0.3504,0.9443,1.5147,0.3180,0.3609,3.0269,7.1744,0.0184,0.2417,"2,314.31","2,261.27",979.51,"1,038.67"
2005,CO,3.9486,36.8046,0.3351,3.0503,3.9611,53.8121,0.3670,3.0441,3.5217,5.5953,0.0070,2.6457,"2,358.23","4,921.46",899.16,"1,994.71"
2005,CT,1.2431,2.2286,0.1196,0.8334,1.1568,2.2416,0.1111,0.7651,1.9790,3.0189,0.0072,1.1322,"2,277.12","1,845.42",886.83,"1,437.37"
2005,DC,N/A,3.6538,N/A,3.6538,N/A,3.4464,N/A,3.4464,N/A,8.0900,N/A,8.0900,N/A,"2,432.30",N/A,"2,432.30"
2005,DE,3.8785,4.5380,1.0838,3.3297,3.7353,5.2933,0.9958,3.1073,11.3996,10.2671,0.0518,7.9972,"2,190.40","1,919.41",984.35,"2,018.04"
2005,FL,3.8231,2.4315,0.5016,2.2153,3.8411,2.5329,0.5271,2.1932,6.5904,6.6179,0.5161,4.2372,"1,953.07","1,348.27",959.50,"1,429.10"
2005,GA,2.5462,5.9459,0.1742,2.3468,1.7077,6.3112,0.1186,1.5230,14.1364,48.5864,0.0074,13.0560,"2,051.86","1,765.43",969.00,"1,946.96"
2005,HI,0.8936,4.3600,N/A,3.8203,0.8880,4.4094,N/A,3.8919,0.7708,5.0595,N/A,4.3801,"1,896.64","1,758.63",N/A,"1,775.13"
2005,IA,4.3669,8.6998,0.2631,4.1167,4.2166,9.5161,0.2696,3.9535,8.0290,3.8322,0.0143,7.5007,"2,377.32","2,347.90",885.94,"2,281.37"
2005,ID,4.4386,43.5385,0.2175,0.4676,3.3999,43.6524,0.3205,0.5581,5.3688,3.2618,0.0060,0.3236,"1,341.64","2,879.95",825.56,856.13
2005,IL,2.7811,21.3209,0.8136,2.6513,1.7373,20.6766,0.6582,1.6298,7.4898,1.6833,0.9843,7.0140,"2,268.82","1,476.70","1,113.48","2,185.94"
2005,IN,3.4013,1.2468,0.3606,3.3066,2.1065,1.1842,0.3284,2.0409,14.1721,0.0309,0.0090,13.5395,"2,150.04","1,210.54","1,146.40","2,101.77"
2005,KS,4.9132,5.0552,4.8278,4.9160,5.0254,4.9546,5.0853,5.0239,7.2524,18.4001,0.0722,7.4593,"2,405.55","2,003.71","1,604.26","2,374.19"
2005,KY,3.5501,3.7285,2.1852,3.5444,1.8604,0.6173,0.7017,1.8024,10.9178,6.4666,0.0144,10.6610,"2,125.99","2,457.57","1,374.70","2,131.31"
2005,LA,3.1349,2.4448,1.3274,2.0265,2.9731,2.2631,1.3990,1.9618,7.3889,8.7874,0.0861,3.0206,"2,318.82","1,677.58",986.17,"1,498.08"
2005,MA,2.4292,1.4806,0.2542,1.1493,2.2064,1.4803,0.2073,0.9505,7.9299,10.4330,0.2414,4.2216,"1,942.05","1,714.19",942.32,"1,382.73"
2005,MD,3.6666,1.8486,0.9061,3.5473,2.5494,1.9625,0.8990,2.4822,17.0498,3.5533,0.0517,16.1849,"2,000.98",801.62,"1,207.00","1,948.29"
2005,ME,0.9312,3.2793,0.2255,0.6858,0.8753,3.7241,0.1979,0.5873,0.3734,8.8738,0.1608,1.3389,432.26,"2,806.29",957.37,"1,164.58"
2005,MI,3.2595,0.8994,0.3572,2.6146,2.8631,0.9413,0.3689,2.2699,9.8664,6.9267,0.3200,8.2097,"2,134.92",297.31,541.49,"1,728.71"
2005,MN,5.0088,6.0512,1.1361,4.8000,4.8344,6.4182,1.2630,4.5928,6.0290,9.0916,0.0482,5.7103,"2,326.15","2,174.30","1,251.13","2,267.09"
2005,MO,3.2638,29.5949,0.4250,3.1504,2.6698,23.4891,0.4282,2.5339,7.5504,3.3007,0.0124,7.2328,"2,104.03","2,930.06",978.44,"2,056.93"
2005,MS,3.3200,6.6103,0.3484,2.5881,3.3426,7.1764,0.3257,2.5785,6.8405,6.1716,0.0050,4.4816,"2,141.36","1,467.05",860.44,"1,654.42"
2005,MT,4.5027,2.5385,1.5812,4.4566,4.5570,2.6827,1.6260,4.5175,2.1753,10.4951,0.0270,2.3620,"2,395.33","4,014.37","7,579.52","2,434.88"
2005,NC,2.8679,1.4709,0.4535,2.7743,1.6697,1.8534,0.5231,1.6071,12.8747,0.2486,0.0589,12.3671,"1,966.59",517.28,"1,089.27","1,930.62"
2005,ND,5.0862,6.7836,-1.4686,5.0776,5.0014,6.7836,-1.4678,4.9926,9.1714,3.3675,-0.0160,9.1497,"2,449.43","3,060.34",-622.39,"2,445.56"
2005,NE,4.9441,15.2606,6.2322,4.9940,5.0169,14.4427,1.1156,4.8065,7.0986,2.1737,0.2238,6.8548,"2,357.59","1,921.15","1,683.75","2,333.71"
2005,NH,3.3094,3.1500,0.0969,1.4802,2.1500,3.1201,0.0904,0.9893,20.2775,16.4736,0.0114,8.4612,"2,326.42","2,206.89",873.91,"1,494.65"
2005,NJ,4.0571,0.0895,0.3135,1.2052,2.9655,0.1143,0.3316,0.8825,9.3903,0.0748,0.0215,2.5079,"2,225.54",87.78,749.62,862.98
2005,NM,4.8268,27.5058,1.8599,4.4657,4.8608,27.5091,1.8327,4.4061,2.0418,2.0876,0.0125,1.7948,"2,078.55","1,819.42","1,353.24","1,990.26"
2005,NV,4.2541,-7.0667,0.7117,2.4203,4.2937,-7.0667,0.7477,2.4030,5.7867,-0.5334,0.0112,2.8141,"2,216.11",-467.44,954.51,"1,552.01"
2005,NY,2.5428,1.8843,0.5429,1.5418,2.6213,1.7109,0.4978,1.4186,10.3113,5.0758,0.1962,4.6378,"2,116.24","1,603.08",965.03,"1,497.04"
2005,OH,3.7470,25.9805,0.3627,3.6783,1.8130,26.2372,0.3278,1.7627,16.1216,4.5100,0.0128,15.7811,"1,984.24","3,776.97","1,128.08","1,965.89"
2005,OK,3.3074,0.3087,1.4202,2.6167,3.1919,0.2732,1.4041,2.4229,5.1563,0.0166,0.0059,3.2526,"2,014.37",88.98,"1,014.37","1,649.65"
2005,OR,4.8225,N/A,0.2529,1.2095,4.7971,N/A,0.2819,1.4826,6.9463,N/A,0.0079,1.4604,"2,306.28",N/A,870.90,"1,171.38"
2005,PA,2.8114,3.7322,0.2939,2.6353,1.6966,3.5668,0.2356,1.5849,15.9925,10.0274,0.0152,14.5186,"2,020.26","1,892.91",971.75,"1,929.64"
2005,RI,N/A,5.1650,0.1718,0.2131,N/A,4.8122,0.1745,0.2090,N/A,5.3525,0.0106,0.0549,N/A,"1,386.07",962.28,965.79
2005,SC,2.2914,0.9011,0.2004,2.0849,1.6347,1.0084,0.1937,1.4277,9.5118,0.4344,0.0107,8.5700,"1,826.59",382.42,"1,018.50","1,745.64"
2005,SD,9.7659,9.9013,0.8584,9.0024,9.6234,9.9013,0.7683,8.1922,7.6274,3.8136,0.0322,6.9710,"2,421.63","3,438.58","1,488.12","2,342.98"
2005,TN,3.4602,0.8611,2.2145,3.4451,1.6647,0.6033,1.8420,1.6548,9.0035,0.0899,0.0431,8.9484,"2,050.39","1,551.66","1,959.80","2,047.60"
2005,TX,1.8997,2.4728,0.4929,1.1111,1.8204,0.6295,0.4996,1.0128,7.9094,0.8710,0.0194,3.3944,"2,271.36","1,185.75",997.23,"1,531.79"
2005,UT,3.8889,22.4036,1.0536,3.8065,3.9822,22.3261,0.8438,3.8534,2.0529,1.4297,0.0102,1.9885,"2,189.22","1,576.34","1,185.25","2,157.48"
2005,VA,3.3276,1.1956,0.4039,2.8078,2.2833,1.3208,0.3407,1.8465,11.4942,3.3048,0.1560,9.4846,"2,143.48","1,317.22",814.49,"1,918.53"
2005,VT,N/A,0.9195,N/A,0.9195,N/A,1.0298,N/A,1.0298,N/A,0.2461,N/A,0.2461,N/A,461.72,N/A,461.72
2005,WA,3.1927,22.4918,0.5424,2.0160,3.0671,22.5271,0.5997,1.9238,0.6249,1.6843,0.0152,0.3542,"2,358.07","1,487.77",902.53,"1,711.82"
2005,WI,3.3047,0.0256,0.6034,2.6029,3.2283,0.0268,0.6112,2.4946,8.7477,0.0025,0.1383,6.7197,"2,296.21",2.35,"1,135.37","1,886.39"
2005,WV,3.5367,N/A,1.0474,3.5284,1.4367,N/A,0.9194,1.4352,10.2952,N/A,0.8199,10.2637,"1,964.11",N/A,"1,233.23","1,961.68"
2005,WY,4.1621,N/A,3.7106,4.1564,4.0835,N/A,3.7538,4.0770,4.1561,N/A,0.1482,4.1059,"2,342.13",N/A,"1,605.64","2,332.90"
2007,AK,8.1839,11.2949,2.1129,4.5397,7.8117,11.2611,2.1676,4.6091,7.3803,2.9283,0.0364,1.4367,"2,219.10","1,536.09","1,215.55","1,392.95"
2007,AL,2.9408,25.0753,0.1605,2.4296,2.0811,25.0335,0.1534,1.6574,10.8217,0.5034,0.0238,8.8301,"2,090.16","1,676.95",930.07,"1,876.05"
2007,AR,2.8516,24.8275,0.2965,2.2319,2.9418,24.8109,0.3066,2.0481,5.5926,2.0935,0.1141,4.2636,"2,245.66","1,660.38",894.39,"1,917.85"
2007,AZ,3.9354,22.8113,0.1750,2.1431,3.9925,22.7571,0.2089,1.9464,2.7634,2.2144,0.0048,1.4483,"2,402.23","1,779.06",874.78,"1,674.05"
2007,CA,6.9357,7.5109,0.2492,0.5086,6.9766,7.5205,0.2468,0.4870,8.7437,19.4551,0.0115,0.5016,"1,633.90","2,251.48",907.29,948.02
2007,CO,3.6082,12.6350,0.5060,2.7265,3.6864,11.0577,0.5411,2.7135,3.7409,3.8470,0.0095,2.6793,"2,264.65","3,048.08","1,020.81","1,910.84"
2007,CT,1.1726,2.2290,0.1233,0.7177,1.2109,2.1145,0.1146,0.6607,5.6052,2.8085,0.0073,2.1298,"2,070.28","1,980.15",874.66,"1,291.50"
2007,DC,N/A,4.2449,N/A,4.2449,N/A,3.8698,N/A,3.8698,N/A,9.9445,N/A,9.9445,N/A,"2,781.75",N/A,"2,781.75"
2007,DE,3.5506,3.7711,0.3655,2.6344,3.3409,3.4638,0.3324,2.3302,11.5736,9.6246,0.0184,8.0341,"2,178.96","1,840.68",954.16,"1,813.94"
2007,FL,3.8288,3.0212,0.5632,1.9599,3.7524,3.1662,0.6516,1.9295,6.1984,8.4698,0.6396,3.2610,"1,913.35","1,930.65",855.84,"1,326.79"
2007,GA,2.3656,4.2056,0.1593,2.0571,1.6774,4.5777,0.1831,1.3997,14.0911,37.1374,0.0050,12.1924,"2,073.22","1,256.36",932.65,"1,902.74"
2007,HI,9.3361,4.0918,N/A,4.8474,8.9898,4.1523,N/A,4.8634,31.1125,3.7027,N/A,7.7082,"1,905.63","1,586.07",N/A,"1,628.16"
2007,IA,2.8986,8.6393,0.2718,2.7305,2.7311,9.6567,0.3342,2.5993,7.4373,4.3470,0.0097,6.9051,"2,230.46","2,577.59",933.01,"2,140.11"
2007,ID,6.3377,25.6536,0.2538,0.5878,6.7641,25.7111,0.3771,0.6736,18.4483,2.1364,0.0055,1.0120,"1,481.94","1,715.62",890.50,922.84
2007,IL,2.4952,2.4125,0.6472,2.3580,1.6616,2.0188,0.5698,1.5467,6.0575,0.1499,0.4842,5.6389,"2,238.44",203.50,"1,035.90","2,148.01"
2007,IN,3.2226,-28.8025,0.2822,3.1047,2.1447,-86.6261,0.2877,2.0562,11.7087,-2.8000,0.0074,11.1432,"2,122.86","-2,242.55","1,036.83","2,067.92"
2007,KS,3.6719,34.7833,3.2626,3.6547,3.3632,32.0610,3.3885,3.3688,6.3217,2.5864,0.0172,6.0011,"2,276.19","2,401.71","1,468.62","2,235.19"
2007,KY,3.7051,31.8609,0.7673,3.6801,1.9661,31.8766,0.6852,1.9495,8.0593,5.0284,0.0187,7.9895,"2,148.94","2,130.75","1,406.61","2,142.50"
2007,LA,2.2357,11.6999,1.3716,1.7104,2.1063,9.2610,1.4444,1.6996,5.5904,134.3471,0.0913,2.3321,"2,007.15","3,250.24","1,054.62","1,416.80"
2007,MA,1.2534,1.0147,0.1764,0.5596,0.8774,0.8958,0.1623,0.4102,7.2915,5.7637,0.1713,2.7079,"1,945.79","1,783.24",913.41,"1,284.82"
2007,MD,3.2472,5.1474,0.7753,3.1355,2.2186,3.9017,0.8452,2.1470,18.1298,7.5614,0.1265,17.1553,"1,989.31","1,671.82","1,049.23","1,938.12"
2007,ME,N/A,1.4801,0.2477,0.3450,N/A,1.7283,0.1869,0.2389,N/A,7.5401,0.2691,0.8428,N/A,"1,428.06",836.43,883.11
2007,MI,3.0871,0.1686,0.5964,2.5023,2.4683,0.1560,0.5453,1.9628,9.8490,0.8782,0.1292,7.7929,"2,155.68",40.83,982.76,"1,811.09"
2007,MN,4.6034,5.2741,0.6157,4.2631,4.5728,3.9622,0.5848,4.2382,5.1017,7.6252,0.0248,4.6575,"2,336.73","1,914.62","1,086.37","2,225.16"
2007,MO,2.8537,46.1222,0.3701,2.7209,2.2636,40.5335,0.3607,2.1229,7.1462,4.9768,0.0090,6.7533,"2,087.75","4,031.72",982.67,"2,027.11"
2007,MS,3.8052,13.8302,1.0025,2.4938,3.8741,12.8582,1.2635,2.4957,6.5219,2.4340,0.2471,3.5862,"2,116.55","1,954.45",957.13,"1,573.84"
2007,MT,4.6302,5.6336,11.3968,4.6898,4.0367,5.8076,11.3786,4.1246,3.1678,62.7530,0.0508,4.6667,"2,484.06","1,714.52","2,334.24","2,463.75"
2007,NC,1.6403,1.8127,0.5688,1.5860,1.5378,3.2271,0.4432,1.4493,9.7059,0.0302,0.0151,9.2041,"1,929.28",163.21,"1,121.70","1,886.54"
2007,ND,4.8282,8.3479,46.0920,4.8195,4.7868,8.3372,46.1354,4.7781,9.3521,3.9191,0.5314,9.3287,"2,382.31","3,230.57","19,520.28","2,378.26"
2007,NE,4.1175,14.0174,0.9882,3.9612,3.9751,13.3664,0.8836,3.7533,7.0012,2.6491,0.1678,6.6488,"2,316.55","2,170.92","1,265.86","2,262.58"
2007,NH,1.9454,2.8204,0.0751,0.9323,1.9652,2.1939,0.0685,0.7744,18.9211,13.7264,0.0075,8.2180,"2,162.43","2,123.54",867.52,"1,439.99"
2007,NJ,2.3789,0.0114,0.2653,0.6364,2.1678,0.0139,0.2556,0.5788,11.7295,0.0032,0.0220,2.5842,"2,169.73",7.42,905.05,842.24
2007,NM,4.9553,17.8615,0.9677,4.1851,4.9546,7.9502,1.0366,4.1103,1.9262,3.4344,0.0074,1.5556,"2,063.35","2,793.10","1,098.24","1,876.93"
2007,NV,4.0127,-17.6877,0.8041,1.5748,3.8961,-17.6928,0.8282,1.4981,2.3955,-1.4832,0.0097,0.5823,"2,372.82","-1,182.89",946.34,"1,288.72"
2007,NY,2.3497,1.8795,0.5241,1.2018,2.2760,1.7106,0.5006,1.0799,8.7621,4.3811,0.2695,3.2008,"2,081.39","1,494.49","1,062.63","1,408.06"
2007,OH,3.5947,59.7886,0.3318,3.4998,1.9463,45.7179,0.2904,1.8759,14.3388,"1,853.8357",0.0082,14.0223,"2,046.39","72,792.67","1,090.33","2,020.79"
2007,OK,3.5397,37.4548,1.3002,2.5758,3.4669,29.7468,1.2373,2.4194,6.9300,3.1445,0.0672,3.9720,"1,990.75","2,504.85","1,067.26","1,593.56"
2007,OR,4.8939,N/A,0.1594,1.2665,4.9198,N/A,0.1869,1.2341,6.4463,N/A,0.0122,1.5168,"2,210.43",N/A,852.81,"1,170.27"
2007,PA,3.0005,3.2648,0.1918,2.6366,2.0740,2.7199,0.1619,1.7530,16.3918,2.6116,0.0107,14.2068,"1,991.68","1,931.59",956.36,"1,855.42"
2007,RI,N/A,17.2710,0.1516,0.1784,N/A,17.8169,0.1225,0.1390,N/A,4.9261,0.0224,0.0301,N/A,"2,646.94",926.67,929.36
2007,SC,1.8945,13.3756,0.2329,1.7392,1.5015,15.2669,0.2352,1.3293,7.1742,5.3271,0.0093,6.4960,"1,821.91","2,048.78","1,026.61","1,746.70"
2007,SD,8.0949,6.4157,1.0117,7.1793,8.0493,6.2614,0.8004,7.0779,7.2879,2.9572,0.0326,6.3424,"2,377.27","2,373.12","1,490.69","2,263.26"
2007,TN,3.5247,23.5318,0.6030,3.5034,1.5721,23.5273,0.5423,1.5605,7.9700,1.9721,0.0172,7.9078,"2,118.77","1,573.72","1,403.93","2,113.18"
2007,TX,1.6837,3.7344,0.4234,0.9822,1.6780,3.3552,0.4240,0.9504,6.6782,10.4838,0.0098,2.8630,"2,269.92","2,507.01",935.70,"1,506.73"
2007,UT,4.1070,24.7090,0.3813,3.4876,4.1578,24.6602,0.5158,3.5884,1.6010,2.1964,0.0078,1.3359,"2,177.21","1,652.45",912.48,"1,966.79"
2007,VA,3.2585,9.5072,0.4861,2.6848,2.3893,7.8466,0.4676,1.9027,10.1804,16.7540,0.4367,8.1333,"1,986.97","3,066.39","1,069.10","1,795.05"
2007,VT,N/A,0.7201,N/A,0.7201,N/A,0.7161,N/A,0.7161,N/A,0.2538,N/A,0.2538,N/A,330.85,N/A,330.85
2007,WA,2.7451,27.5687,0.3915,1.6917,2.6592,27.6226,0.4218,1.6717,0.4799,2.4386,0.0142,0.2714,"2,358.30","1,843.70",847.34,"1,681.73"
2007,WI,2.5761,0.3857,0.3740,1.9610,2.5087,0.3854,0.4226,1.9288,6.8718,1.8744,0.0226,5.2673,"2,283.55",197.35,985.09,"1,785.90"
2007,WV,3.4057,3.2628,0.6417,3.3958,1.4463,0.0000,0.6271,1.4434,8.8667,9.1948,0.0321,8.8353,"1,999.30","2,247.01","1,378.86","1,997.17"
2007,WY,3.7628,24.9114,1.7447,3.7262,3.6639,24.9225,1.7731,3.6339,4.0229,2.0931,0.0675,3.9504,"2,346.42","1,665.99",768.37,"2,317.56"
2009,AK,6.2035,10.0830,2.1913,4.3633,5.9710,10.1088,2.2585,4.2323,3.9184,4.4331,0.0395,1.4445,"2,229.94","1,494.30","1,229.31","1,405.28"
2009,AL,1.5680,25.6513,0.1008,1.1508,1.4756,25.5964,0.0983,1.0316,8.9572,1.0290,0.0046,6.4058,"2,032.64","1,715.47",897.17,"1,709.36"
2009,AR,2.6093,30.0962,0.2510,1.8883,2.6262,28.1108,0.3171,1.8064,5.4409,1.6766,0.0843,3.8016,"2,145.59","2,082.23",896.65,"1,763.40"
2009,AZ,3.1757,19.1551,0.1846,1.7813,3.1526,19.2012,0.1814,1.5698,1.7937,0.2368,0.0417,0.9768,"2,268.25","1,898.11",899.08,"1,629.92"
2009,CA,0.7468,0.8388,0.2526,0.2744,0.7650,0.8529,0.2104,0.2332,8.8417,0.2677,0.0118,0.2071,"1,813.20","1,798.82",899.71,934.21
2009,CO,3.3509,13.8063,1.5289,2.8047,3.4035,13.8168,1.9172,2.9585,2.9102,0.5995,0.2444,2.1092,"2,318.90","2,302.91","1,004.25","1,923.99"
2009,CT,0.9711,2.3779,0.1734,0.3740,0.6679,2.8753,0.1730,0.2851,1.7160,3.4260,0.0311,0.5272,"1,976.29","2,253.83",872.31,"1,119.50"
2009,DC,N/A,4.5892,N/A,4.5892,N/A,4.0671,N/A,4.0671,N/A,18.5649,N/A,18.5649,N/A,"2,484.69",N/A,"2,484.69"
2009,DE,2.6761,15.9532,1.0088,2.0646,2.7898,15.8912,0.9481,1.8332,11.4090,11.0952,0.0663,7.2408,"2,041.28","6,005.25","1,412.41","1,810.54"
2009,FL,2.1731,1.8852,0.6015,1.1132,1.8648,1.7382,0.6462,1.0275,5.7642,4.8395,0.6279,2.3007,"2,150.78","2,177.00",995.78,"1,379.42"
2009,GA,1.6387,4.1894,0.1192,1.3180,1.5999,4.1401,0.1412,1.2756,7.5764,28.0822,0.0121,6.0318,"2,111.12","1,205.21",880.24,"1,831.55"
2009,HI,0.8593,3.8412,N/A,3.3738,0.8546,3.9915,N/A,3.5102,8.1866,4.8622,N/A,5.2515,"1,805.14","1,571.14",N/A,"1,603.21"
2009,IA,2.2141,16.7743,0.4305,2.1755,2.1838,17.6916,0.3240,2.1320,5.1524,1.5740,0.0103,5.0239,"2,208.00","3,081.33","1,011.02","2,178.73"
2009,ID,5.2726,28.6019,0.2431,0.4968,5.6411,28.5804,0.3058,0.4413,11.5286,1.5506,0.0058,0.5854,"1,204.49","1,912.79",896.02,911.56
2009,IL,1.5980,31.7530,0.5783,1.5526,1.4281,31.6671,0.4863,1.3725,5.3016,2.7731,0.2856,5.0725,"2,243.70","2,275.61",973.65,"2,186.34"
2009,IN,2.0621,0.7054,0.4284,1.9924,2.0004,0.6380,0.5846,1.9305,7.6747,0.0182,0.0089,7.3144,"2,134.85",769.21,"1,011.57","2,077.54"
2009,KS,2.7747,171.9799,3.2721,2.8113,2.7336,188.2063,3.3079,2.7925,3.1649,7.5923,0.0125,2.9441,"2,289.57","11,662.99","1,441.63","2,230.25"
2009,KY,1.8211,63.7214,0.8811,1.8156,1.7484,63.8819,0.7917,1.7423,5.8348,7.9718,0.0195,5.7978,"2,137.89","7,548.67","1,300.06","2,132.60"
2009,LA,2.0215,2.1214,1.2211,1.5295,1.9803,0.9064,1.3055,1.5213,5.6235,10.1047,0.0502,2.2797,"2,175.99","2,593.78",998.18,"1,458.09"
2009,MA,1.4113,1.1453,0.1296,0.5320,1.0263,2.4908,0.1292,0.3857,7.1477,4.9702,0.0759,2.2812,"1,977.55","1,626.92",888.55,"1,227.84"
2009,MD,1.4121,8.1288,0.5330,1.3759,1.4022,24.3331,0.5620,1.3493,16.0774,28.4884,0.0178,15.1221,"2,010.59","2,830.17",966.19,"1,947.67"
2009,ME,N/A,1.9795,0.1325,0.2482,N/A,2.3246,0.1219,0.1944,N/A,7.9249,0.0415,0.5359,N/A,"1,927.40",825.56,829.90
2009,MI,2.4102,5.9309,0.4872,2.2069,2.3476,5.8575,0.3962,2.1241,8.2358,35.7858,0.0412,7.3998,"2,162.71","1,393.76",902.45,"2,021.91"
2009,MN,2.6086,24.6029,0.4096,2.4584,2.5241,31.3914,0.3876,2.3549,3.5235,5.8975,0.0768,3.2791,"2,292.18","2,566.18",989.78,"2,199.63"
2009,MO,1.5578,10.9654,0.3814,1.5137,1.4537,11.0361,0.3838,1.4066,7.0121,0.8707,0.0081,6.7244,"2,173.22","3,021.33",960.43,"2,124.19"
2009,MS,2.1439,0.7811,0.7630,1.4795,2.3797,0.7723,0.9670,1.6611,4.2804,0.0252,0.0098,2.2255,"1,972.76",817.52,957.38,"1,484.11"
2009,MT,2.6995,0.8300,11.7074,2.6848,2.5484,0.6168,11.7175,2.5330,2.8009,52.2976,0.1547,4.2556,"2,395.76","1,885.79","1,245.66","2,375.44"
2009,NC,1.2422,39.6435,0.4469,1.1982,1.2247,38.0344,0.5053,1.1635,3.4707,4.7862,0.0256,3.2744,"1,991.41","3,684.61","1,244.17","1,948.88"
2009,ND,4.2547,1.3903,-0.6065,4.2485,4.2959,1.3456,-0.6040,4.2881,8.8530,0.2917,-0.0070,8.8344,"2,371.17","1,058.11",-256.86,"2,368.31"
2009,NE,3.9917,9.8546,0.8610,3.9598,3.2102,8.8342,0.8350,3.1723,6.4906,0.4627,0.0359,6.4179,"2,344.64","1,756.26","1,309.76","2,333.12"
2009,NH,2.0747,2.8724,0.0771,0.8764,1.9874,2.7755,0.0779,0.8243,20.1565,10.3139,0.0048,7.6604,"2,011.64","2,125.63",884.09,"1,327.60"
2009,NJ,1.8900,4.9367,0.2427,0.5860,2.0371,4.8702,0.2266,0.5239,4.6049,0.5927,0.0128,0.9503,"2,203.32","2,531.51",909.36,"1,175.82"
2009,NM,4.4172,12.9873,0.5469,3.5346,4.4209,12.8285,0.5674,3.4879,1.3205,0.6828,0.0063,1.0208,"2,166.91","2,735.97","1,042.88","1,910.58"
2009,NV,2.8122,-11.9383,0.3791,0.9290,2.8008,-11.9421,0.3913,0.8356,2.0818,-0.3001,0.0070,0.4756,"2,219.91",-798.39,895.80,"1,194.92"
2009,NY,2.1125,2.8403,0.4292,0.8558,2.2593,3.1189,0.4118,0.8304,5.9370,6.0637,0.2281,1.6368,"2,067.28","1,535.54","1,027.13","1,273.80"
2009,OH,1.7398,3.6748,0.1701,1.6811,1.6270,3.6940,0.1471,1.5475,10.7512,2.1162,0.0059,10.3290,"2,058.90","5,011.31",984.42,"2,019.55"
2009,OK,3.3296,-0.5045,1.0302,2.2777,3.3272,-0.4856,1.0750,2.2121,5.3494,-0.0524,0.0064,2.9048,"2,155.54",-34.24,"1,017.82","1,635.11"
2009,OR,4.1003,N/A,0.1851,0.8309,4.0782,N/A,0.2434,0.6621,6.9102,N/A,0.0442,1.1769,"2,065.27",N/A,840.77,"1,042.77"
2009,PA,2.1341,3.8310,0.1074,1.7075,1.9573,2.8164,0.1018,1.5009,11.7077,4.6341,0.0104,9.1749,"2,033.94","1,834.34",902.11,"1,791.10"
2009,RI,N/A,15.3763,0.1516,0.1730,N/A,15.3727,0.1496,0.1557,N/A,0.1168,0.0087,0.0088,N/A,"1,851.57",911.90,913.22
2009,SC,1.2516,153.1472,0.2980,1.0351,1.2247,705.0311,0.2782,0.9629,5.6464,41.2169,0.8829,4.5573,"2,099.16","17,402.43",992.64,"1,846.23"
2009,SD,7.6452,15.6327,0.8830,7.4890,7.5980,12.9686,0.4598,7.2946,7.4129,1.7158,0.0067,7.2326,"2,244.74","2,792.17","1,262.95","2,221.66"
2009,TN,1.3681,23.6584,0.7046,1.3648,1.2447,23.6419,0.6300,1.2402,5.1778,1.2770,0.1201,5.1422,"2,027.52","1,577.08","1,502.96","2,023.82"
2009,TX,1.5910,3.2540,0.5006,0.9761,1.6182,3.0265,0.4975,0.9334,6.3568,6.4871,0.0098,2.7213,"2,208.90","2,775.73",930.45,"1,480.33"
2009,UT,3.5183,24.0290,0.3024,3.0258,3.4578,23.9678,0.3343,2.9762,1.3802,3.3100,0.0081,1.1699,"2,097.49","1,606.97",864.51,"1,908.51"
2009,VA,1.8838,6.6212,0.3619,1.4778,1.8489,3.8758,0.3290,1.3521,6.7105,1.1027,0.1929,4.9432,"1,997.35","1,817.38","1,003.20","1,728.53"
2009,VT,N/A,7.9612,N/A,7.9612,N/A,11.4995,N/A,11.4995,N/A,2.7739,N/A,2.7739,N/A,"2,816.80",N/A,"2,816.80"
2009,WA,2.6065,27.8314,0.2834,1.2118,2.6611,27.7160,0.2917,1.0469,0.9052,2.3204,0.0142,0.3701,"2,443.48","1,861.27",859.61,"1,492.21"
2009,WI,1.7733,1.5984,0.2003,1.5816,1.7035,1.2621,0.2358,1.5295,5.7813,3.8023,0.0159,5.0704,"2,227.59","2,130.45",895.40,"2,065.60"
2009,WV,1.0929,2.0687,1.7873,1.0938,1.0319,2.2148,2.2298,1.0330,5.2129,0.2387,3.6683,5.2104,"2,081.25","1,691.01","1,635.21","2,080.71"
2009,WY,3.2682,25.3668,1.6497,3.2428,3.2191,25.4372,1.9619,3.2025,3.6900,2.1300,0.0580,3.6320,"2,302.89","1,696.44",711.42,"2,277.48"
2010,AK,6.4899,10.5180,2.1240,4.1173,6.0492,10.5669,2.1773,3.8706,3.6533,0.2607,0.0368,0.5036,"2,201.05","1,447.00","1,226.93","1,380.77"
2010,AL,1.7471,23.7961,0.1017,1.2460,1.6602,23.8076,0.0991,1.1370,5.7411,0.7632,0.0046,3.9894,"2,014.87","1,591.40",897.24,"1,673.71"
2010,AR,2.5697,-0.0785,0.2781,1.8734,2.6817,0.0000,0.3127,1.7921,4.7700,-0.0811,0.0213,3.3270,"2,158.68",-74.88,927.15,"1,784.46"
2010,AZ,2.6833,18.4727,0.1288,1.6699,2.6538,17.4767,0.1291,1.5026,1.6677,0.8535,0.0048,1.0078,"2,172.05","2,860.72",890.99,"1,663.74"
2010,CA,0.7772,0.8593,0.2176,0.2408,0.7821,0.8604,0.2379,0.2627,9.5487,0.2731,0.0098,0.2104,"1,776.76","1,825.71",867.67,901.50
2010,CO,3.1891,16.6657,0.7191,2.6138,3.1837,12.6291,0.6007,2.5738,2.7905,1.9133,0.0065,2.1406,"2,319.85","3,220.39","1,036.08","2,020.30"
2010,CT,1.0056,2.1260,0.2035,0.4029,1.0268,1.9668,0.2430,0.4624,1.5448,2.8949,0.0339,0.4396,"1,996.08","2,115.95",895.88,"1,129.65"
2010,DC,N/A,3.8209,N/A,3.8209,N/A,3.7934,N/A,3.7934,N/A,8.9021,N/A,8.9021,N/A,"2,265.29",N/A,"2,265.29"
2010,DE,2.6685,10.2261,0.3776,1.6312,2.6149,14.4501,0.3706,1.4737,9.8910,18.7939,0.0083,5.4144,"2,001.59","7,528.71","1,005.64","1,550.76"
2010,FL,1.4792,1.2140,0.5056,0.8238,1.3345,1.1422,0.5398,0.7932,3.2576,1.8872,0.6206,1.4679,"2,141.84","2,198.70",988.27,"1,373.49"
2010,GA,1.6121,4.3937,0.1391,1.2744,1.4877,4.3035,0.1646,1.1459,6.0103,34.4471,0.0061,4.7373,"2,104.47","1,241.96",912.59,"1,812.36"
2010,HI,0.8538,3.7395,N/A,3.2744,0.9597,3.8036,N/A,3.3516,8.6983,3.4607,N/A,4.1870,"2,006.89","1,557.22",N/A,"1,623.54"
2010,IA,2.2120,16.1286,1.0654,2.1887,2.1854,15.3696,0.7790,2.1241,5.4676,1.8685,0.0162,5.3177,"2,210.52","2,817.28","1,128.67","2,181.52"
2010,ID,6.2582,28.4982,0.1783,0.4959,6.3263,27.6831,0.2466,0.5026,15.1323,1.6586,0.0052,0.7924,"1,373.92","1,905.86",867.92,894.29
2010,IL,1.6244,31.2705,0.5114,1.6317,1.4311,28.1502,0.4245,1.3966,4.9506,1.6665,0.2713,4.6637,"2,236.86","2,286.99",963.06,"2,161.77"
2010,IN,2.1568,0.5001,0.2217,2.0359,2.1584,0.4854,0.2394,2.0208,7.4138,0.0207,0.0068,6.9117,"2,151.94",743.65,990.52,"2,067.06"
2010,KS,2.8513,221.1326,2.6322,2.8408,2.8309,32.8093,2.6111,2.8137,2.7528,6.0420,0.0116,2.5939,"2,333.41","15,111.99","1,481.68","2,284.16"
2010,KY,1.9463,24.2530,0.6497,1.9333,1.9260,24.2213,0.6012,1.9049,5.7655,0.8184,0.0124,5.7057,"2,146.39","1,621.96","1,337.85","2,137.99"
2010,LA,1.8550,1.8431,2.0132,1.9539,1.8448,1.6835,2.1005,2.0122,6.9795,9.1879,0.0542,2.5930,"2,170.30","2,518.11",993.93,"1,428.70"
2010,MA,1.5325,2.3853,0.1563,0.5050,1.3991,2.1467,0.1847,0.4504,8.6556,4.1341,0.0209,2.1597,"1,984.43","1,834.09",900.63,"1,171.15"
2010,MD,1.5333,9.3602,0.7164,1.4911,1.5212,8.0122,0.7349,1.4579,2.5348,13.5622,0.0423,2.3781,"2,150.18","2,862.63","1,138.49","2,081.62"
2010,ME,N/A,2.4578,0.1120,0.1629,N/A,2.4992,0.1035,0.1604,N/A,9.5340,0.0041,0.2111,N/A,"2,288.61",772.84,805.76
2010,MI,2.3661,6.3414,0.4627,2.0829,2.2968,6.0672,0.4379,1.9439,7.4469,31.2268,0.0338,6.3618,"2,184.25","1,698.81",899.90,"1,986.29"
2010,MN,2.3069,20.4227,0.3518,2.0844,2.2772,18.2369,0.3717,1.9841,3.1225,1.2287,0.0078,2.7610,"2,249.81","2,258.23",972.14,"2,101.71"
2010,MO,1.6275,9.4358,0.3323,1.5621,1.6264,7.1449,0.3438,1.5338,6.5686,1.0216,0.0069,6.2248,"2,181.79","4,177.46",954.73,"2,118.33"
2010,MS,2.1476,4.9379,0.7806,1.3858,2.2854,5.1217,0.8976,1.4712,5.6775,5.4652,0.0374,2.5343,"1,976.02","2,597.07",969.92,"1,415.32"
2010,MT,2.4323,1.1712,3.0127,2.4086,2.3920,1.1582,5.7062,2.3832,2.3429,49.0736,0.0147,3.3095,"2,342.58","1,884.90","1,142.70","2,327.42"
2010,NC,1.4147,40.6936,0.3286,1.3043,1.4104,38.4076,0.4004,1.2794,3.3360,4.8497,0.0141,2.9929,"1,975.15","3,698.63","1,053.62","1,880.01"
2010,ND,3.8899,1.3578,-86.0568,3.8851,3.7130,1.3490,0.0000,3.7075,8.8126,0.2324,-0.9093,8.7963,"2,379.23","1,095.38","-36,445.64","2,376.79"
2010,NE,3.2261,29.0902,0.8899,3.1976,3.1807,23.0371,0.8261,3.1188,5.5415,0.9270,0.0219,5.4697,"2,254.40","3,054.64","1,306.69","2,242.17"
2010,NH,2.5696,1.7444,0.0767,1.0870,2.5575,1.6669,0.0759,1.0459,21.2841,2.9564,0.0046,8.3221,"1,980.88","1,883.22",884.33,"1,335.95"
2010,NJ,1.7554,2.4358,0.2535,0.5972,1.8394,3.6895,0.2916,0.6431,4.1978,0.6259,0.0114,0.9232,"2,134.40","1,719.39",893.79,"1,178.68"
2010,NM,4.4902,1.8224,0.7115,3.5513,4.4117,1.6931,0.7833,3.5081,1.2872,0.0791,0.0069,0.9690,"2,191.93",307.17,"1,092.73","1,918.77"
2010,NV,2.6849,-3.9270,0.3621,0.8935,2.6936,0.0000,0.3881,0.8690,2.2342,-0.0332,0.0072,0.5164,"2,253.56",-265.26,894.94,"1,205.65"
2010,NY,2.1074,2.4333,0.3985,0.8068,1.9852,2.2750,0.4527,0.8030,6.5203,3.2555,0.1232,1.5811,"2,075.17","1,527.66","1,032.41","1,269.80"
2010,OH,1.8325,4.8421,0.1787,1.7409,1.8550,5.2881,0.2163,1.7442,9.9648,2.8943,0.0062,9.3830,"2,052.89","6,077.93","1,012.63","1,994.85"
2010,OK,3.3781,30.1455,1.1075,2.3355,3.4247,35.1769,1.0814,2.2336,5.0720,1.6449,0.0068,2.7462,"2,114.27","2,016.03","1,068.96","1,634.28"
2010,OR,4.3371,N/A,0.1244,1.0028,4.3250,N/A,0.1480,1.0150,7.5775,N/A,0.0073,1.5857,"2,090.84",N/A,842.90,"1,103.11"
2010,PA,2.3137,3.2007,0.1134,1.8224,2.3279,3.1611,0.1098,1.7870,7.3584,1.6819,0.0320,5.6614,"2,081.04","1,696.14",895.54,"1,810.53"
2010,RI,N/A,15.7246,0.1551,0.1773,N/A,15.7242,0.1424,0.1650,N/A,1.7913,0.0050,0.0076,N/A,"1,893.52",926.78,928.16
2010,SC,1.4579,48.7328,0.3143,1.1930,1.5285,43.0933,0.3211,1.2014,5.1036,13.4500,0.9227,4.1259,"2,138.25","5,621.79",996.44,"1,871.30"
2010,SD,7.7684,20.0022,0.7909,7.5005,7.6033,16.3821,0.5852,6.9871,7.7772,1.7142,0.0069,7.4695,"2,302.28","3,555.65","1,353.02","2,265.64"
2010,TN,1.4382,31.0250,0.3241,1.3915,1.4816,31.0182,0.4787,1.4353,5.4695,2.8787,0.0052,5.2340,"2,075.57","2,074.84",979.40,"2,028.35"
2010,TX,1.5317,5.6521,0.3929,0.9159,1.4972,4.9200,0.3939,0.8710,6.0779,5.0871,0.0094,2.7175,"2,277.34","2,532.51",934.02,"1,536.17"
2010,UT,3.6397,12.5842,0.2008,3.1004,3.5753,12.4425,0.2312,3.0924,1.5045,0.9680,0.0053,1.2662,"2,095.25",925.09,842.78,"1,895.64"
2010,VA,2.3970,5.6073,0.3787,1.6785,2.3675,5.7509,0.3944,1.5940,6.5989,0.3015,0.2188,4.2960,"2,032.19","1,725.42","1,034.78","1,673.47"
2010,VT,N/A,6.4139,N/A,6.4139,N/A,7.2240,N/A,7.2240,N/A,0.1163,N/A,0.1163,N/A,"2,653.57",N/A,"2,653.57"
2010,WA,2.6489,31.9292,0.2669,1.3671,2.5614,32.4018,0.2901,1.2551,0.5972,3.5878,0.0120,0.2823,"2,462.30","2,135.32",860.70,"1,600.34"
2010,WI,1.6424,1.2397,0.2679,1.4840,1.5856,1.1008,0.2831,1.4044,5.6423,3.1445,0.0097,4.9879,"2,298.77","2,115.10",930.23,"2,142.32"
2010,WV,1.3541,N/A,1.2370,1.3539,1.4304,N/A,0.9533,1.4292,2.8156,N/A,2.0760,2.8145,"2,026.72",N/A,"1,565.37","2,026.03"
2010,WY,2.9228,2.7764,1.5948,2.9027,2.8453,3.2180,1.6298,2.8297,3.1516,0.1224,0.0127,3.1034,"2,321.32",937.84,685.79,"2,296.24"
2012,AK,6.2822,10.1293,2.3918,4.3976,6.0240,10.2376,2.6417,4.7388,3.5740,2.0779,0.0384,0.8940,"2,165.01","1,397.86","1,271.23","1,412.17"
2012,AL,1.6161,23.6582,0.0859,0.9121,1.6960,23.6454,0.0906,0.9623,4.7515,1.5179,0.0045,2.5641,"2,055.18","1,582.18",872.01,"1,510.09"
2012,AR,2.2787,N/A,0.3026,1.5414,2.3031,N/A,0.3605,1.5104,5.3753,N/A,0.0062,3.3720,"2,276.17",N/A,889.82,"1,758.91"
2012,AZ,2.2638,10.5909,0.1946,1.3820,2.3038,10.8536,0.1933,1.2467,1.0160,4.8284,0.0299,0.5958,"2,208.70","5,160.18",929.46,"1,663.53"
2012,CA,0.8882,0.9293,0.2177,0.2326,0.9439,0.9522,0.2403,0.2543,10.5614,2.6882,0.0088,0.1495,"1,739.06","1,514.02",888.87,911.46
2012,CO,2.6085,32.6167,1.0937,2.2674,2.5546,33.2129,1.4310,2.2575,2.3637,6.3412,0.0712,1.8460,"2,229.63","5,640.95",974.23,"1,946.72"
2012,CT,2.1404,3.0681,0.1678,0.2030,2.1291,3.0499,0.1800,0.2218,2.9088,2.4344,0.0158,0.0797,"3,146.57","2,230.45",851.59,883.08
2012,DC,N/A,4.4605,0.7820,1.2636,N/A,4.9743,0.7820,1.4885,N/A,4.7228,0.0292,0.6437,N/A,"2,814.90",993.55,"1,232.02"
2012,DE,1.2031,20.8192,0.4310,0.5645,1.1097,13.9596,0.4629,0.5923,4.3408,28.4888,0.0218,0.7674,"2,130.91","11,943.58","1,089.58","1,265.95"
2012,FL,1.5649,15.0849,0.3580,0.6361,1.6070,20.3413,0.3796,0.6681,3.0785,0.8357,0.1944,0.8567,"2,194.45","3,655.66",905.55,"1,229.16"
2012,GA,1.6189,3.9903,0.1064,0.8803,1.3063,3.9169,0.1229,0.7392,4.9562,29.4244,0.0262,2.6500,"2,298.13","1,114.76",884.05,"1,587.06"
2012,HI,0.9758,3.6081,N/A,3.1582,0.9499,3.5397,N/A,3.0832,10.5067,4.4450,N/A,5.3254,"2,046.37","1,515.20",N/A,"1,599.49"
2012,IA,2.0090,15.1017,0.9368,1.9745,2.0014,14.5065,0.9115,1.9318,5.3792,1.1924,0.0925,5.1337,"2,168.37","2,659.11","1,135.38","2,133.41"
2012,ID,6.0596,32.3356,0.2840,0.4075,6.0598,33.2707,0.2383,0.2870,4.6053,2.2412,0.1307,0.2262,"1,138.51","2,162.49",892.83,898.08
2012,IL,1.2915,26.4013,0.4551,1.2661,1.1699,29.4193,0.4722,1.1313,4.1209,2.7331,0.0227,3.6047,"2,283.70","2,179.79","1,028.45","2,125.43"
2012,IN,2.2385,0.3899,0.1553,1.9231,2.1590,0.4113,0.1885,1.8528,5.9718,0.5080,0.0228,5.0410,"2,170.61","1,471.97",915.98,"1,975.34"
2012,KS,2.1833,36.8189,2.5394,2.2223,2.1618,32.5766,2.4585,2.2066,2.2808,1.8545,0.6824,2.1329,"2,363.08","2,635.73","1,544.00","2,287.35"
2012,KY,1.8670,31.5674,0.5003,1.8421,1.8812,31.5723,0.5329,1.8492,4.3496,2.3965,0.0098,4.2687,"2,154.17","2,111.12","1,285.51","2,137.98"
2012,LA,1.8487,1.6140,1.1065,1.3348,1.8911,0.7650,1.1328,1.3301,6.4124,8.1298,0.0326,2.0754,"2,239.28","2,274.24","1,030.76","1,411.50"
2012,MA,1.3682,4.9739,0.1330,0.2515,1.2102,4.5337,0.1424,0.2302,9.2153,4.4827,0.0119,0.8337,"2,079.14","2,311.09",899.05,"1,006.04"
2012,MD,1.4644,17.8254,1.6301,1.5395,1.3902,13.8151,1.4134,1.4187,2.7252,77.1465,1.4946,2.4689,"2,105.07","7,764.26","1,623.93","1,978.12"
2012,ME,N/A,2.8428,0.3913,0.4135,N/A,2.8467,0.3493,0.3711,N/A,11.0528,0.0259,0.1256,N/A,"2,642.56","1,037.94","1,052.45"
2012,MI,2.3235,7.0883,0.4855,1.8090,2.2496,6.4352,0.4810,1.7088,7.3186,30.3167,0.1310,5.3184,"2,258.04","1,537.31",931.90,"1,875.64"
2012,MN,2.1982,17.8106,0.2502,1.7672,2.2846,20.4988,0.2776,1.7143,2.3669,1.7659,0.0089,1.8385,"2,274.99","1,638.56",951.29,"1,984.16"
2012,MO,1.9509,62.3145,0.3456,1.8414,2.0951,40.1130,0.3730,1.9283,4.0418,15.1169,0.0087,3.7593,"2,081.69","7,176.36",959.11,"2,013.15"
2012,MS,2.8653,3.8922,0.5883,0.8775,3.0186,3.9515,0.6408,0.9633,10.3900,2.1253,0.3572,1.6314,"2,491.78","2,047.12",977.37,"1,169.71"
2012,MT,2.5182,1.0100,0.9877,2.4248,2.5489,1.5456,0.9833,2.4386,2.0935,49.8467,0.0089,3.4846,"2,445.27","1,850.30","1,402.73","2,394.83"
2012,NC,1.6960,-299.1036,0.3939,1.3256,1.6920,-234.0642,0.5336,1.3486,1.9739,-68.8153,0.7374,1.6211,"2,020.07","-29,548.53","1,057.57","1,745.34"
2012,ND,3.4516,1.5390,N/A,3.4477,3.5088,1.5099,N/A,3.5037,6.1451,0.2038,N/A,6.1328,"2,366.38","1,146.31",N/A,"2,363.85"
2012,NE,2.2413,25.5769,0.7003,2.2035,2.1989,19.9809,0.6635,2.1111,5.0847,2.0760,0.0214,4.9467,"2,196.40","2,096.30","1,232.58","2,170.22"
2012,NH,3.0919,12.0481,0.0877,0.5220,3.2372,12.0488,0.0933,0.3588,1.6931,31.2078,0.0323,0.2756,"2,353.30","6,118.03",886.93,"1,098.83"
2012,NJ,1.3453,1.0469,0.2398,0.3487,1.3381,1.1223,0.2620,0.3906,1.7404,0.1067,0.0064,0.1563,"1,891.14","2,013.04",898.99,"1,003.70"
2012,NM,4.5768,42.7588,0.6570,3.5627,4.5832,45.0656,0.7056,3.5104,1.3180,3.5784,0.0061,0.9786,"2,214.02","2,859.56","1,034.47","1,908.86"
2012,NV,2.0916,-1.4678,0.4241,0.6559,2.2026,-1.4413,0.4650,0.6841,2.2452,-0.1471,0.0072,0.3181,"2,274.60",-98.16,889.44,"1,081.91"
2012,NY,2.8713,4.3828,0.3905,0.5815,2.5660,4.5176,0.4066,0.5772,7.6875,4.5387,0.0430,0.6033,"2,126.84","2,121.50","1,026.44","1,151.68"
2012,OH,1.9130,2.2210,0.1395,1.5697,1.9669,2.6555,0.1821,1.6327,7.9716,6.2947,0.0058,6.2498,"2,120.75","3,226.02",991.97,"1,898.50"
2012,OK,3.1609,28.5842,0.9423,1.9991,2.9274,28.0297,1.0424,1.8789,4.8081,1.7670,0.0062,2.2923,"2,175.34","1,977.42","1,002.19","1,560.73"
2012,OR,2.0481,N/A,0.1331,0.4870,1.9803,N/A,0.1530,0.4673,8.6833,N/A,0.0073,1.6105,"2,079.53",N/A,845.64,"1,073.65"
2012,PA,2.8315,4.0213,0.1606,1.8247,2.9457,6.3668,0.2001,1.9272,5.7084,0.8517,0.0159,3.5478,"2,075.36","2,313.74",908.30,"1,624.04"
2012,RI,N/A,21.5653,0.1583,0.1858,N/A,21.5664,0.1592,0.1893,N/A,2.7841,0.0051,0.0087,N/A,"2,596.84",916.61,918.77
2012,SC,1.1742,120.6561,0.2667,0.8668,1.1586,127.0810,0.2790,0.8640,3.1744,29.7950,0.3445,2.2223,"2,128.31","13,174.56",970.65,"1,733.24"
2012,SD,7.3434,32.8658,0.6407,6.9138,7.1673,11.1110,0.5346,6.3166,8.4738,2.6119,0.0066,7.9037,"2,197.41","5,412.95","1,303.90","2,140.00"
2012,TN,1.2498,26.5133,0.3467,1.0790,1.1945,26.5916,0.4424,1.0351,3.6160,1.6699,1.0668,3.1338,"2,163.46","1,773.11","1,014.76","1,946.19"
2012,TX,1.3984,4.6569,0.4459,0.8387,1.3493,4.8510,0.4528,0.8108,4.8545,82.3796,0.0095,2.2941,"2,234.08","3,134.48",927.86,"1,449.60"
2012,UT,3.2377,19.9236,0.4576,2.7641,3.1810,19.6834,0.4903,2.6983,1.4714,1.3700,0.0092,1.2186,"2,067.39","1,420.59","1,033.51","1,888.39"
2012,VA,2.1917,2.3155,0.2207,1.0893,2.2035,2.6293,0.2652,1.1005,3.7696,0.1583,0.0332,1.6721,"1,932.48","1,726.35",937.99,"1,375.70"
2012,VT,N/A,5.2581,N/A,5.2581,N/A,6.2922,N/A,6.2922,N/A,2.7070,N/A,2.7070,N/A,"3,019.14",N/A,"3,019.14"
2012,WA,2.4892,26.1738,0.3200,1.1718,2.5111,26.1442,0.3333,1.1224,0.6574,0.6594,0.0109,0.2646,"2,431.88","1,750.41",854.99,"1,481.43"
2012,WI,1.4618,1.6020,0.2454,1.1544,1.4699,1.5002,0.3159,1.1426,4.1887,3.0831,0.0110,3.1301,"2,280.70","1,682.18",892.41,"1,928.49"
2012,WV,1.4328,N/A,0.6833,1.4311,1.4922,N/A,0.6501,1.4890,2.5198,N/A,0.0116,2.5139,"2,048.73",N/A,"1,385.75","2,047.17"
2012,WY,2.2515,3.1678,1.5372,2.2405,2.1876,3.6110,1.5503,2.1792,2.3134,0.1362,0.0545,2.2774,"2,377.83",941.71,679.21,"2,350.79"
2014,AK,6.2822,10.1293,2.3918,4.3976,6.0240,10.2376,2.6417,4.7388,3.5740,2.0779,0.0384,0.8940,"2,165.01","1,397.86","1,271.23","1,412.17"
2014,AL,1.6161,23.6582,0.0859,0.9121,1.6960,23.6454,0.0906,0.9623,4.7515,1.5179,0.0045,2.5641,"2,055.18","1,582.18",872.01,"1,510.09"
2014,AR,2.2787,N/A,0.3026,1.5414,2.3031,N/A,0.3605,1.5104,5.3753,N/A,0.0062,3.3720,"2,276.17",N/A,889.82,"1,758.91"
2014,AZ,2.2638,10.5909,0.1946,1.3820,2.3038,10.8536,0.1933,1.2467,1.0160,4.8284,0.0299,0.5958,"2,208.70","5,160.18",929.46,"1,663.53"
2014,CA,0.8882,0.9293,0.2177,0.2326,0.9439,0.9522,0.2403,0.2543,10.5614,2.6882,0.0088,0.1495,"1,739.06","1,514.02",888.87,911.46
2014,CO,2.6085,32.6167,1.0937,2.2674,2.5546,33.2129,1.4310,2.2575,2.3637,6.3412,0.0712,1.8460,"2,229.63","5,640.95",974.23,"1,946.72"
2014,CT,2.1404,3.0681,0.1678,0.2030,2.1291,3.0499,0.1800,0.2218,2.9088,2.4344,0.0158,0.0797,"3,146.57","2,230.45",851.59,883.08
2014,DC,N/A,4.4605,0.7820,1.2636,N/A,4.9743,0.7820,1.4885,N/A,4.7228,0.0292,0.6437,N/A,"2,814.90",993.55,"1,232.02"
2014,DE,1.2031,20.8192,0.4310,0.5645,1.1097,13.9596,0.4629,0.5923,4.3408,28.4888,0.0218,0.7674,"2,130.91","11,943.58","1,089.58","1,265.95"
2014,FL,1.5649,15.0849,0.3580,0.6361,1.6070,20.3413,0.3796,0.6681,3.0785,0.8357,0.1944,0.8567,"2,194.45","3,655.66",905.55,"1,229.16"
2014,GA,1.6189,3.9903,0.1064,0.8803,1.3063,3.9169,0.1229,0.7392,4.9562,29.4244,0.0262,2.6500,"2,298.13","1,114.76",884.05,"1,587.06"
2014,HI,0.9758,3.6081,N/A,3.1582,0.9499,3.5397,N/A,3.0832,10.5067,4.4450,N/A,5.3254,"2,046.37","1,515.20",N/A,"1,599.49"
2014,IA,2.0090,15.1017,0.9368,1.9745,2.0014,14.5065,0.9115,1.9318,5.3792,1.1924,0.0925,5.1337,"2,168.37","2,659.11","1,135.38","2,133.41"
2014,ID,6.0596,32.3356,0.2840,0.4075,6.0598,33.2707,0.2383,0.2870,4.6053,2.2412,0.1307,0.2262,"1,138.51","2,162.49",892.83,898.08
2014,IL,1.2915,26.4013,0.4551,1.2661,1.1699,29.4193,0.4722,1.1313,4.1209,2.7331,0.0227,3.6047,"2,283.70","2,179.79","1,028.45","2,125.43"
2014,IN,2.2385,0.3899,0.1553,1.9231,2.1590,0.4113,0.1885,1.8528,5.9718,0.5080,0.0228,5.0410,"2,170.61","1,471.97",915.98,"1,975.34"
2014,KS,2.1833,36.8189,2.5394,2.2223,2.1618,32.5766,2.4585,2.2066,2.2808,1.8545,0.6824,2.1329,"2,363.08","2,635.73","1,544.00","2,287.35"
2014,KY,1.8670,31.5674,0.5003,1.8421,1.8812,31.5723,0.5329,1.8492,4.3496,2.3965,0.0098,4.2687,"2,154.17","2,111.12","1,285.51","2,137.98"
2014,LA,1.8487,1.6140,1.1065,1.3348,1.8911,0.7650,1.1328,1.3301,6.4124,8.1298,0.0326,2.0754,"2,239.28","2,274.24","1,030.76","1,411.50"
2014,MA,1.3682,4.9739,0.1330,0.2515,1.2102,4.5337,0.1424,0.2302,9.2153,4.4827,0.0119,0.8337,"2,079.14","2,311.09",899.05,"1,006.04"
2014,MD,1.4644,17.8254,1.6301,1.5395,1.3902,13.8151,1.4134,1.4187,2.7252,77.1465,1.4946,2.4689,"2,105.07","7,764.26","1,623.93","1,978.12"
2014,ME,N/A,2.8428,0.3913,0.4135,N/A,2.8467,0.3493,0.3711,N/A,11.0528,0.0259,0.1256,N/A,"2,642.56","1,037.94","1,052.45"
2014,MI,2.3235,7.0883,0.4855,1.8090,2.2496,6.4352,0.4810,1.7088,7.3186,30.3167,0.1310,5.3184,"2,258.04","1,537.31",931.90,"1,875.64"
2014,MN,2.1982,17.8106,0.2502,1.7672,2.2846,20.4988,0.2776,1.7143,2.3669,1.7659,0.0089,1.8385,"2,274.99","1,638.56",951.29,"1,984.16"
2014,MO,1.9509,62.3145,0.3456,1.8414,2.0951,40.1130,0.3730,1.9283,4.0418,15.1169,0.0087,3.7593,"2,081.69","7,176.36",959.11,"2,013.15"
2014,MS,2.8653,3.8922,0.5883,0.8775,3.0186,3.9515,0.6408,0.9633,10.3900,2.1253,0.3572,1.6314,"2,491.78","2,047.12",977.37,"1,169.71"
2014,MT,2.5182,1.0100,0.9877,2.4248,2.5489,1.5456,0.9833,2.4386,2.0935,49.8467,0.0089,3.4846,"2,445.27","1,850.30","1,402.73","2,394.83"
2014,NC,1.6960,-299.1036,0.3939,1.3256,1.6920,-234.0642,0.5336,1.3486,1.9739,-68.8153,0.7374,1.6211,"2,020.07","-29,548.53","1,057.57","1,745.34"
2014,ND,3.4516,1.5390,N/A,3.4477,3.5088,1.5099,N/A,3.5037,6.1451,0.2038,N/A,6.1328,"2,366.38","1,146.31",N/A,"2,363.85"
2014,NE,2.2413,25.5769,0.7003,2.2035,2.1989,19.9809,0.6635,2.1111,5.0847,2.0760,0.0214,4.9467,"2,196.40","2,096.30","1,232.58","2,170.22"
2014,NH,3.0919,12.0481,0.0877,0.5220,3.2372,12.0488,0.0933,0.3588,1.6931,31.2078,0.0323,0.2756,"2,353.30","6,118.03",886.93,"1,098.83"
2014,NJ,1.3453,1.0469,0.2398,0.3487,1.3381,1.1223,0.2620,0.3906,1.7404,0.1067,0.0064,0.1563,"1,891.14","2,013.04",898.99,"1,003.70"
2014,NM,4.5768,42.7588,0.6570,3.5627,4.5832,45.0656,0.7056,3.5104,1.3180,3.5784,0.0061,0.9786,"2,214.02","2,859.56","1,034.47","1,908.86"
2014,NV,2.0916,-1.4678,0.4241,0.6559,2.2026,-1.4413,0.4650,0.6841,2.2452,-0.1471,0.0072,0.3181,"2,274.60",-98.16,889.44,"1,081.91"
2014,NY,2.8713,4.3828,0.3905,0.5815,2.5660,4.5176,0.4066,0.5772,7.6875,4.5387,0.0430,0.6033,"2,126.84","2,121.50","1,026.44","1,151.68"
2014,OH,1.9130,2.2210,0.1395,1.5697,1.9669,2.6555,0.1821,1.6327,7.9716,6.2947,0.0058,6.2498,"2,120.75","3,226.02",991.97,"1,898.50"
2014,OK,3.1609,28.5842,0.9423,1.9991,2.9274,28.0297,1.0424,1.8789,4.8081,1.7670,0.0062,2.2923,"2,175.34","1,977.42","1,002.19","1,560.73"
2014,OR,2.0481,N/A,0.1331,0.4870,1.9803,N/A,0.1530,0.4673,8.6833,N/A,0.0073,1.6105,"2,079.53",N/A,845.64,"1,073.65"
2014,PA,2.8315,4.0213,0.1606,1.8247,2.9457,6.3668,0.2001,1.9272,5.7084,0.8517,0.0159,3.5478,"2,075.36","2,313.74",908.30,"1,624.04"
2014,RI,N/A,21.5653,0.1583,0.1858,N/A,21.5664,0.1592,0.1893,N/A,2.7841,0.0051,0.0087,N/A,"2,596.84",916.61,918.77
2014,SC,1.1742,120.6561,0.2667,0.8668,1.1586,127.0810,0.2790,0.8640,3.1744,29.7950,0.3445,2.2223,"2,128.31","13,174.56",970.65,"1,733.24"
2014,SD,7.3434,32.8658,0.6407,6.9138,7.1673,11.1110,0.5346,6.3166,8.4738,2.6119,0.0066,7.9037,"2,197.41","5,412.95","1,303.90","2,140.00"
2014,TN,1.2498,26.5133,0.3467,1.0790,1.1945,26.5916,0.4424,1.0351,3.6160,1.6699,1.0668,3.1338,"2,163.46","1,773.11","1,014.76","1,946.19"
2014,TX,1.3984,4.6569,0.4459,0.8387,1.3493,4.8510,0.4528,0.8108,4.8545,82.3796,0.0095,2.2941,"2,234.08","3,134.48",927.86,"1,449.60"
2014,UT,3.2377,19.9236,0.4576,2.7641,3.1810,19.6834,0.4903,2.6983,1.4714,1.3700,0.0092,1.2186,"2,067.39","1,420.59","1,033.51","1,888.39"
2014,VA,2.1917,2.3155,0.2207,1.0893,2.2035,2.6293,0.2652,1.1005,3.7696,0.1583,0.0332,1.6721,"1,932.48","1,726.35",937.99,"1,375.70"
2014,VT,N/A,5.2581,N/A,5.2581,N/A,6.2922,N/A,6.2922,N/A,2.7070,N/A,2.7070,N/A,"3,019.14",N/A,"3,019.14"
2014,WA,2.4892,26.1738,0.3200,1.1718,2.5111,26.1442,0.3333,1.1224,0.6574,0.6594,0.0109,0.2646,"2,431.88","1,750.41",854.99,"1,481.43"
2014,WI,1.4618,1.6020,0.2454,1.1544,1.4699,1.5002,0.3159,1.1426,4.1887,3.0831,0.0110,3.1301,"2,280.70","1,682.18",892.41,"1,928.49"
2014,WV,1.4328,N/A,0.6833,1.4311,1.4922,N/A,0.6501,1.4890,2.5198,N/A,0.0116,2.5139,"2,048.73",N/A,"1,385.75","2,047.17"
2014,WY,2.2515,3.1678,1.5372,2.2405,2.1876,3.6110,1.5503,2.1792,2.3134,0.1362,0.0545,2.2774,"2,377.83",941.71,679.21,"2,350.79"
2016,AK,1.353,16.693,8.786,9.265,1.070,16.339,8.792,8.997,1.655,2.862,0.030,0.778,"2,074.237","1,541.578","1,096.763","1,311.311"
2016,AL,1.122,32.322,0.152,0.604,1.005,32.298,0.120,0.529,0.891,3.068,0.266,0.557,"2,040.940","1,727.499",850.397,"1,404.737"
2016,AR,2.101,,0.210,1.290,2.183,,0.250,1.301,3.911,,0.005,2.235,"2,174.785",,862.987,"1,611.949"
2016,AZ,2.003,47.524,0.162,1.034,1.995,45.481,0.151,0.917,0.836,12.698,0.006,0.399,"2,315.441","7,564.857",894.627,"1,567.773"
2016,CA,1.236,30.239,0.625,0.648,1.255,37.985,0.602,0.634,0.001,1.587,0.008,0.010,"1,157.816","1,326.333",867.885,867.421
2016,CO,1.726,581.829,0.316,1.404,1.693,593.153,0.311,1.356,1.160,118.511,0.014,0.898,"2,137.239","70,133.421",986.923,"1,874.198"
2016,CT,1.698,7.351,0.226,0.266,2.092,5.091,0.248,0.298,2.635,3.157,0.009,0.046,"2,668.720","2,962.809",854.455,880.139
2016,DC,0.000,0.000,3.997,3.997,0.000,0.000,4.005,4.005,0.000,0.000,0.194,0.194,0.000,0.000,"1,555.026","1,555.026"
2016,DE,0.861,0.737,0.233,0.333,0.824,0.717,0.239,0.353,1.940,0.076,0.005,0.140,"2,210.994","1,334.940",903.985,"1,039.965"
2016,FL,1.415,1.923,0.249,0.537,1.451,2.068,0.267,0.573,1.593,0.249,0.031,0.421,"2,088.543","1,812.025",893.703,"1,193.349"
2016,GA,1.204,2.133,0.113,0.575,0.715,1.793,0.132,0.396,0.970,1.367,0.006,0.411,"2,268.129","1,301.146",888.222,"1,464.213"
2016,HI,1.083,5.967,0.000,5.084,,5.830,0.000,4.806,14.236,7.729,0.000,8.905,"2,257.710","1,603.690",0.000,"1,721.957"
2016,IA,1.485,1.176,0.555,1.392,1.486,1.094,0.455,1.365,2.221,0.147,0.145,1.998,"2,015.283",574.702,"1,024.120","1,904.190"
2016,ID,0.141,40.000,0.226,0.224,0.148,39.556,0.236,0.235,2.398,3.800,0.006,0.043,928.726,"2,090.600",885.369,886.061
2016,IL,0.928,24.886,0.415,0.808,0.937,25.317,0.428,0.819,2.915,5.367,0.389,2.313,"2,246.691","2,129.561","1,086.736","1,970.076"
2016,IN,2.144,-112.827,0.320,1.762,2.052,168.234,0.289,1.691,2.362,-39.030,0.092,1.887,"2,212.350","-14,656.498",975.166,"1,965.829"
2016,KS,1.168,55.277,4.028,1.401,1.183,53.192,3.879,1.477,0.613,2.176,0.043,0.568,"2,348.710","3,396.417","1,259.513","2,262.592"
2016,KY,1.613,,0.402,1.507,1.596,,0.444,1.484,2.180,,0.045,1.992,"2,166.985",,903.929,"2,055.810"
2016,LA,1.365,0.651,0.973,1.029,1.367,0.477,1.100,1.114,4.374,0.237,0.020,0.871,"2,222.219",981.895,839.229,"1,113.707"
2016,MA,0.992,2.786,0.183,0.283,0.828,2.460,0.170,0.237,0.906,0.732,0.077,0.154,"2,187.494","1,275.986",875.785,989.178
2016,MD,0.827,36.055,1.268,0.982,0.761,32.096,1.277,0.969,2.382,25.986,0.302,1.707,"2,124.875","6,454.871","1,441.410","1,901.952"
2016,ME,0.000,1.944,0.133,0.181,0.000,2.431,0.123,0.144,0.000,7.788,0.004,0.208,0.000,"2,030.186",818.286,850.006
2016,MI,1.562,6.020,0.419,1.104,1.497,7.121,0.441,1.067,3.925,4.378,0.037,2.329,"2,262.303","1,487.853",895.730,"1,699.032"
2016,MN,1.295,15.967,0.262,1.033,1.307,13.974,0.279,1.005,1.352,0.713,0.006,0.987,"2,203.479",567.193,916.722,"1,853.687"
2016,MO,1.833,86.942,0.359,1.707,1.778,46.646,0.388,1.639,3.275,11.682,0.018,2.992,"2,101.349","11,613.462",918.839,"1,998.954"
2016,MS,1.777,0.378,0.414,0.474,1.824,0.343,0.506,0.555,1.770,0.009,0.028,0.129,"2,469.250","1,425.034",954.423,"1,060.249"
2016,MT,2.006,,5.424,2.049,2.036,,5.365,2.106,1.984,,0.012,1.866,"2,387.073",,"1,340.166","2,284.625"
2016,NC,1.448,5.746,0.234,0.836,1.336,6.070,0.205,0.831,1.231,0.930,0.006,0.610,"2,005.638","2,192.083",933.912,"1,462.692"
2016,ND,2.799,26.883,0.153,2.703,2.619,26.986,0.136,2.514,3.393,7.287,0.006,3.268,"2,311.052","4,345.931","1,268.788","2,271.526"
2016,NE,1.801,35.157,1.632,1.800,1.748,31.885,1.981,1.760,4.686,5.690,0.012,4.591,"2,137.849","3,956.536","1,397.292","2,122.981"
2016,NH,3.052,2.053,0.081,0.315,3.411,2.382,0.078,0.245,1.266,2.273,0.004,0.121,"2,204.169","1,680.582",860.115,965.006
2016,NJ,1.501,3.314,0.175,0.227,1.413,3.239,0.205,0.257,1.520,0.044,0.005,0.059,"2,298.851","1,470.757",861.794,914.086
2016,NM,3.760,18.201,0.811,2.728,3.784,18.113,0.776,2.680,0.891,5.310,0.008,0.582,"2,246.798","3,182.962","1,038.380","1,823.793"
2016,NV,2.103,,0.472,0.586,2.228,,0.466,0.633,2.410,,0.006,0.174,"2,326.064",,860.210,962.473
2016,NY,1.803,0.880,0.347,0.446,1.638,0.896,0.378,0.490,7.768,0.227,0.037,0.295,"2,018.873","1,215.110",939.015,"1,000.197"
2016,OH,1.511,1.086,0.151,1.116,1.451,0.985,0.174,1.109,3.003,4.450,0.011,2.131,"2,097.756","2,831.567",919.539,"1,753.902"
2016,OK,1.600,28.769,0.561,0.969,1.600,29.038,0.638,0.991,4.555,2.592,0.005,1.789,"2,255.522","1,578.289",970.601,"1,474.508"
2016,OR,1.974,0.000,0.709,0.850,1.902,0.000,0.843,0.985,3.855,0.000,0.010,0.437,"2,118.956",0.000,929.998,"1,062.003"
2016,PA,2.509,1.909,0.187,1.291,2.197,1.761,0.195,1.142,3.534,0.075,0.057,1.613,"2,180.140","1,324.457",859.758,"1,467.227"
2016,RI,0.000,10.807,0.145,0.214,0.000,6.975,0.130,0.169,0.000,0.973,0.007,0.013,0.000,"1,011.173",904.329,905.025
2016,SC,0.894,191.323,0.246,0.618,0.933,191.683,0.210,0.619,0.873,21.854,0.051,0.520,"2,054.030","10,934.154",974.842,"1,589.850"
2016,SD,0.806,25.718,0.451,0.707,0.812,20.293,0.548,0.738,0.693,6.653,0.007,0.486,"2,067.814","3,966.232","1,052.789","1,758.210"
2016,TN,1.143,30.615,0.201,0.913,1.106,31.043,0.228,0.898,1.924,2.769,0.005,1.454,"2,130.480","1,574.096",911.098,"1,831.783"
2016,TX,1.306,3.981,0.447,0.757,1.296,4.651,0.450,0.763,4.001,1.690,0.007,1.406,"2,291.359","2,297.627",864.337,"1,360.568"
2016,UT,2.418,25.965,0.330,1.897,2.348,24.739,0.341,1.806,1.267,2.237,0.006,0.952,"2,073.095","1,265.110",888.010,"1,777.411"
2016,VA,1.467,4.644,0.208,0.634,1.446,4.610,0.213,0.605,0.881,0.575,0.088,0.353,"1,925.176","1,769.892",901.075,"1,243.007"
2016,VT,0.000,8.495,0.000,8.495,0.000,8.476,0.000,8.476,0.000,4.122,0.000,4.122,0.000,"3,251.200",0.000,"3,251.200"
2016,WA,2.189,33.374,0.257,0.815,2.192,33.290,0.231,0.802,0.629,1.900,0.008,0.187,"2,434.367","1,636.917",867.763,"1,319.577"
2016,WI,0.873,1.115,0.276,0.688,0.876,0.930,0.316,0.705,0.854,2.923,0.104,0.627,"2,271.653","1,910.576",878.259,"1,838.705"
2016,WV,1.394,0.000,0.556,1.386,1.340,0.000,0.539,1.330,1.242,0.000,0.007,1.230,"2,066.098",0.000,"1,303.364","2,058.656"
2016,WY,1.813,33.509,3.521,1.823,1.812,33.854,2.613,1.817,1.618,3.031,0.010,1.609,"2,332.444","1,710.405",955.295,"2,324.747"
