Year,State abbreviation,State annual NOx emissions (tons),State annual SO2 emissions (tons),State annual CO2 emissions (tons),State annual CH4 emissions (lbs),State annual N2O emissions (lbs)
1996,AK,16465.00,2917.00,2937571.00,,
1996,AL,219278.00,585040.00,79723804.00,,
1996,AR,50609.00,95443.00,31157441.00,,
1996,AZ,72906.00,120322.00,36548209.00,,
1996,CA,20999.00,1850.00,23509205.00,,
1996,CO,83076.00,92812.00,36563631.00,,
1996,CT,11842.00,36486.00,9040895.00,,
1996,DC,187.00,763.00,61916.00,,
1996,DE,20013.00,42181.00,11538471.00,,
1996,FL,354688.00,649969.00,130606561.00,,
1996,GA,165272.00,475552.00,71848530.00,,
1996,HI,22384.00,21180.00,5670226.00,,
1996,IA,81503.00,157983.00,36329830.00,,
1996,ID,819.00,2.00,373687.00,,
1996,IL,289994.00,738637.00,85535962.00,,
1996,IN,369507.00,942113.00,133788634.00,,
1996,KS,99435.00,117164.00,38637861.00,,
1996,KY,367461.00,643884.00,99659522.00,,
1996,LA,81320.00,101219.00,40707187.00,,
1996,MA,34840.00,104937.00,20467462.00,,
1996,MD,108195.00,254124.00,33334868.00,,
1996,ME,1193.00,5653.00,697102.00,,
1996,MI,182268.00,379329.00,74614022.00,,
1996,MN,90951.00,87391.00,35196624.00,,
1996,MO,187522.00,364807.00,66481320.00,,
1996,MS,52763.00,110421.00,21239713.00,,
1996,MT,25559.00,17146.00,14041750.00,,
1996,NC,272954.00,466166.00,71082326.00,,
1996,ND,106590.00,177621.00,37100022.00,,
1996,NE,48912.00,65788.00,20014635.00,,
1996,NH,16662.00,50462.00,4630341.00,,
1996,NJ,31134.00,45579.00,11132472.00,,
1996,NM,81499.00,78511.00,34152497.00,,
1996,NV,49954.00,48121.00,28846820.00,,
1996,NY,81035.00,242458.00,48040539.00,,
1996,OH,561726.00,1505734.00,144095488.00,,
1996,OK,97393.00,106611.00,45444821.00,,
1996,OR,7615.00,5519.00,3913962.00,,
1996,PA,256292.00,1014055.00,114076629.00,,
1996,RI,6368.00,52.00,3151117.00,,
1996,SC,110540.00,201602.00,31941441.00,,
1996,SD,17070.00,14205.00,3222606.00,,
1996,TN,257684.00,512175.00,62701834.00,,
1996,TX,414831.00,665481.00,222124715.00,,
1996,UT,73580.00,32029.00,35699784.00,,
1996,VA,104020.00,192726.00,33007593.00,,
1996,VT,230.00,5.00,10316.00,,
1996,WA,22787.00,78419.00,10213874.00,,
1996,WI,107383.00,206274.00,48370400.00,,
1996,WV,296503.00,658309.00,85210230.00,,
1996,WY,106980.00,100636.00,52563843.00,,
1997,AK,17774.68,3246.77,2958915.59,,
1997,AL,210999.61,567985.29,79650596.04,,
1997,AR,44434.63,84823.81,28283302.83,,
1997,AZ,81112.85,126364.46,40548295.66,,
1997,CA,22542.15,385.08,27010224.84,,
1997,CO,85135.16,98817.52,40387851.23,,
1997,CT,18343.93,51157.52,12717678.54,,
1997,DC,225.29,463.34,101371.82,,
1997,DE,18315.11,41012.91,7125369.42,,
1997,FL,339739.67,694803.84,131437805.83,,
1997,GA,180373.54,513038.29,76418275.51,,
1997,HI,23054.78,19540.98,5705387.45,,
1997,IA,77826.44,160607.77,36775812.88,,
1997,ID,281.58,0.38,128606.69,,
1997,IL,311760.71,823545.19,92885094.48,,
1997,IN,388476.97,985183.46,137572883.39,,
1997,KS,87158.42,109174.25,35162261.88,,
1997,KY,364596.98,673078.02,101423230.54,,
1997,LA,89917.51,123940.51,43014001.04,,
1997,MA,44415.73,144843.81,26887113.14,,
1997,MD,111737.19,260151.31,33374706.83,,
1997,ME,2537.24,13054.06,1466487.23,,
1997,MI,184680.21,407527.79,74820160.08,,
1997,MN,96202.81,93436.13,36595885.55,,
1997,MO,200281.47,311045.85,70216915.93,,
1997,MS,58499.90,112318.54,24978844.45,,
1997,MT,35112.07,19724.92,18054068.73,,
1997,NC,284149.34,512118.07,76023204.19,,
1997,ND,93916.92,177593.41,35602499.52,,
1997,NE,49416.20,62712.76,21037235.63,,
1997,NH,20099.66,58675.06,5952628.98,,
1997,NJ,38294.88,51993.25,10631961.91,,
1997,NM,84486.39,82640.10,35203654.43,,
1997,NV,49413.60,48502.55,21064873.78,,
1997,NY,90261.25,254162.12,51304601.11,,
1997,OH,544698.90,1476509.37,136810287.01,,
1997,OK,99320.25,108787.57,47256212.65,,
1997,OR,5902.49,5996.28,3628855.82,,
1997,PA,246300.54,1071906.23,116634109.32,,
1997,RI,6956.39,26.80,3351635.25,,
1997,SC,104865.72,191398.39,33625260.98,,
1997,SD,23471.34,24144.96,4235143.58,,
1997,TN,279013.14,517344.12,65528214.56,,
1997,TX,418900.66,676365.97,227290595.47,,
1997,UT,71910.46,32868.05,37575943.63,,
1997,VA,109077.02,213308.65,35490477.14,,
1997,VT,272.01,5.96,17733.03,,
1997,WA,17139.50,63945.51,9003436.38,,
1997,WI,117833.08,232364.89,51905798.44,,
1997,WV,321643.00,663601.00,91092512.00,,
1997,WY,99118.20,102154.46,51391495.61,,
1998,AK,18084.48,10313.58,4062229.63,,
1998,AL,209329.22,582785.55,82722052.19,,
1998,AR,48903.76,77914.65,29802803.53,,
1998,AZ,91129.00,102506.80,45526164.65,,
1998,CA,40456.09,34976.47,45150371.74,,
1998,CO,81950.15,99906.63,40807652.65,,
1998,CT,27448.09,51367.15,13378364.57,,
1998,DC,661.24,1270.71,302551.86,,
1998,DE,17155.51,46950.75,8157069.33,,
1998,FL,377834.42,833354.03,142106916.28,,
1998,GA,199554.21,660073.20,80700204.96,,
1998,HI,32460.54,24906.53,8290100.74,,
1998,IA,87507.60,177133.37,40879521.84,,
1998,ID,579.78,858.86,230357.37,,
1998,IL,302168.03,827471.61,96084661.47,,
1998,IN,381258.06,983416.79,141322527.26,,
1998,KS,85193.87,117113.34,36374710.90,,
1998,KY,320105.04,624904.65,99025474.61,,
1998,LA,106645.87,192552.47,55108661.29,,
1998,MA,52133.32,153650.60,31731000.73,,
1998,MD,124002.30,291768.29,36977052.00,,
1998,ME,11720.76,24674.92,4186698.16,,
1998,MI,224929.46,427587.85,86200083.85,,
1998,MN,110014.84,108117.66,40241713.70,,
1998,MO,216891.67,302450.76,74220216.16,,
1998,MS,63122.45,156946.05,24334999.26,,
1998,MT,42809.01,23457.70,20900402.63,,
1998,NC,265497.17,502594.81,78590560.60,,
1998,ND,101600.32,202777.51,38874012.32,,
1998,NE,50761.90,58406.81,22644408.19,,
1998,NH,16214.08,55857.86,5715583.43,,
1998,NJ,38528.98,48011.36,19985859.44,,
1998,NM,85109.95,81191.34,35504655.10,,
1998,NV,52497.02,49871.20,24097999.28,,
1998,NY,112786.01,318495.01,69010726.05,,
1998,OH,524951.49,1428172.23,139834219.80,,
1998,OK,109074.75,112104.05,50073559.51,,
1998,OR,11454.33,13004.95,7304628.47,,
1998,PA,275630.88,1064295.85,128704284.78,,
1998,RI,1201.93,77.91,3742649.71,,
1998,SC,100146.42,208252.64,36342089.62,,
1998,SD,23836.46,21982.72,3899180.17,,
1998,TN,239843.71,473730.70,59778275.10,,
1998,TX,478388.21,696550.09,263795823.46,,
1998,UT,80336.83,34332.53,39122874.21,,
1998,VA,124521.31,244588.62,44466071.63,,
1998,VT,729.21,122.73,62802.41,,
1998,WA,27130.05,76031.31,13246809.17,,
1998,WI,120275.91,234822.14,52575556.72,,
1998,WV,301747.82,674181.54,94741082.26,,
1998,WY,103223.67,107510.04,55876213.35,,
1999,AK,16786.62,5483.59,3628437.64,,
1999,AL,192601.52,545539.06,85015984.67,,
1999,AR,53125.92,78641.05,31986831.58,,
1999,AZ,91358.58,75771.13,47314994.99,,
1999,CA,49056.34,22803.29,51366235.51,,
1999,CO,74348.63,91575.48,40661401.21,,
1999,CT,20598.45,42974.02,13386788.74,,
1999,DC,665.88,1483.10,307200.81,,
1999,DE,11216.54,30143.81,5588257.13,,
1999,FL,351610.45,747474.45,142693468.82,,
1999,GA,186279.21,521385.75,81621534.59,,
1999,HI,30064.00,22499.57,8895950.24,,
1999,IA,86441.83,161002.58,40715486.24,,
1999,ID,611.69,608.08,298080.21,,
1999,IL,286290.06,724603.02,93510900.19,,
1999,IN,365245.24,944470.87,142143669.44,,
1999,KS,93284.95,117970.26,39929302.57,,
1999,KY,309325.23,659293.58,104730149.72,,
1999,LA,122040.62,180478.56,58168256.53,,
1999,MA,47032.46,130345.84,31307835.42,,
1999,MD,110301.34,284755.09,38445991.28,,
1999,ME,9028.46,20326.34,4598174.53,,
1999,MI,201430.31,400236.41,85643351.40,,
1999,MN,96764.80,97648.04,37469016.27,,
1999,MO,187971.46,265689.28,73158319.23,,
1999,MS,64509.21,124204.57,25499668.61,,
1999,MT,44661.38,25089.34,21551968.90,,
1999,NC,218380.53,466477.58,77445943.22,,
1999,ND,80374.02,190371.86,37827470.71,,
1999,NE,45670.37,61298.63,22233827.97,,
1999,NH,13051.82,55976.92,5878108.36,,
1999,NJ,39806.47,52119.00,21882614.04,,
1999,NM,84859.70,73587.65,36089656.28,,
1999,NV,48680.68,48801.43,24098353.90,,
1999,NY,97936.46,271196.36,70037351.46,,
1999,OH,433509.38,1319170.36,135195340.79,,
1999,OK,111361.17,111272.30,49856691.48,,
1999,OR,11868.88,16940.15,7616660.50,,
1999,PA,254212.50,971552.52,120628263.44,,
1999,RI,1571.25,113.43,3205887.33,,
1999,SC,91025.94,216568.97,39085103.70,,
1999,SD,24684.69,26337.96,4273548.13,,
1999,TN,188904.27,437416.64,60681026.03,,
1999,TX,466818.19,699105.02,264083525.57,,
1999,UT,76836.17,31123.56,39474307.86,,
1999,VA,107052.87,230733.15,45014226.15,,
1999,VT,440.33,47.15,55310.49,,
1999,WA,24642.67,88341.90,13479335.27,,
1999,WI,115569.35,214924.68,52006758.82,,
1999,WV,292199.58,702366.09,96651696.36,,
1999,WY,96858.98,100206.45,53744099.77,,
2000,AK,14978.58,4151.47,3975039.19,,
2000,AL,189508.64,515083.66,89932307.15,,
2000,AR,53543.84,76510.44,32085814.14,,
2000,AZ,104220.98,72401.53,52273856.92,,
2000,CA,58741.98,17917.11,65955473.96,,
2000,CO,77289.65,90174.26,44545288.18,,
2000,CT,22669.33,37240.78,12272639.36,,
2000,DC,376.27,983.32,191797.15,,
2000,DE,10510.36,39205.85,5915880.84,,
2000,FL,322813.74,579623.25,136293930.61,,
2000,GA,193938.97,526034.12,87284671.91,,
2000,HI,27932.12,24378.45,9135395.52,,
2000,IA,84018.47,143511.78,40957670.41,,
2000,ID,1028.91,596.07,590281.07,,
2000,IL,240217.44,437593.10,98433953.14,,
2000,IN,345806.19,878196.94,142652630.00,,
2000,KS,95247.46,116415.43,41861631.12,,
2000,KY,247060.66,585141.36,103757223.18,,
2000,LA,118263.58,164255.01,64572703.38,,
2000,MA,40942.53,113723.89,26409475.57,,
2000,MD,89521.21,258453.56,35179893.83,,
2000,ME,10087.18,14994.06,4628116.08,,
2000,MI,174861.46,368149.62,81618637.97,,
2000,MN,97568.28,123539.18,40679792.91,,
2000,MO,164309.34,234337.24,75384700.20,,
2000,MS,64401.78,132660.03,24771252.02,,
2000,MT,37660.40,23049.96,19312920.01,,
2000,NC,179078.65,465470.74,79068763.88,,
2000,ND,78338.20,152313.24,37468872.71,,
2000,NE,44145.39,60679.30,21877751.56,,
2000,NH,10549.90,51710.11,5325908.55,,
2000,NJ,41043.20,63692.29,21948363.67,,
2000,NM,87121.26,68812.16,36360448.80,,
2000,NV,53117.59,53275.62,27817510.55,,
2000,NY,101146.67,286768.57,67968927.29,,
2000,OH,382403.49,1232450.97,137417886.89,,
2000,OK,102459.29,97219.35,51494005.47,,
2000,OR,14310.43,14620.86,8530490.71,,
2000,PA,271007.52,951373.81,123400394.13,,
2000,RI,1619.46,588.72,3046927.59,,
2000,SC,91358.33,206194.40,41692217.43,,
2000,SD,18628.87,14474.49,4380617.57,,
2000,TN,159207.15,418820.38,65578412.25,,
2000,TX,437470.55,577121.69,278341667.86,,
2000,UT,81167.42,28555.69,38350381.56,,
2000,VA,99580.23,225023.88,47554342.02,,
2000,VT,979.84,167.89,179428.57,,
2000,WA,29609.06,84774.84,15468832.85,,
2000,WI,111895.48,197847.98,52527449.30,,
2000,WV,268659.99,598053.15,94134001.27,,
2000,WY,91936.60,84702.29,52294863.97,,
2004,AK,12005.78,3925.23,3610849.74,,
2004,AL,144028.09,423774.49,89170715.07,,
2004,AR,44716.64,87555.28,33174714.96,,
2004,AZ,87533.89,60941.47,60271433.21,,
2004,CA,32972.27,12369.45,67521916.04,,
2004,CO,71850.68,64094.93,47532472.54,,
2004,CT,11770.76,8119.56,12279200.24,,
2004,DC,92.05,173.32,65936.60,,
2004,DE,11337.97,36964.04,6766287.88,,
2004,FL,250880.19,427255.41,145001519.72,,
2004,GA,108054.58,577233.85,87968285.60,,
2004,HI,21439.39,23913.04,9443134.86,,
2004,IA,82069.26,139451.53,42013951.11,,
2004,ID,794.75,999.15,772582.28,,
2004,IL,147826.52,379355.24,110778055.27,,
2004,IN,230114.33,869726.39,133604380.85,,
2004,KS,93410.30,123935.72,43753705.52,,
2004,KY,166078.93,516429.97,96943071.41,,
2004,LA,76334.43,121251.87,55070531.64,,
2004,MA,30861.27,82207.31,28747713.89,,
2004,MD,64416.77,287192.60,33653280.37,,
2004,ME,9071.73,8316.27,7279798.71,,
2004,MI,128769.30,350976.65,83611982.72,,
2004,MN,90409.27,109047.40,41578072.70,,
2004,MO,128864.61,288668.57,82049735.65,,
2004,MS,50860.07,88606.69,28416833.79,,
2004,MT,38107.61,23022.88,21058638.69,,
2004,NC,126407.43,481150.29,76835962.99,,
2004,ND,78303.71,150271.78,37395379.22,,
2004,NE,49065.14,77647.37,24055888.65,,
2004,NH,11737.34,57345.84,9309460.78,,
2004,NJ,27814.72,53926.50,19844216.51,,
2004,NM,74900.90,38453.81,32808310.46,,
2004,NV,47201.23,54661.90,29530258.32,,
2004,NY,72764.17,238893.52,62338426.91,,
2004,OH,273157.83,1116846.24,131711019.91,,
2004,OK,83122.34,105404.86,52334634.90,,
2004,OR,13593.44,13847.84,11742575.00,,
2004,PA,202819.51,1009187.72,130537292.68,,
2004,RI,780.05,181.13,2590682.80,,
2004,SC,69396.90,228082.04,44750212.13,,
2004,SD,17923.81,15015.26,4563839.89,,
2004,TN,113241.02,310758.47,61767469.87,,
2004,TX,216984.26,596660.62,280096254.75,,
2004,UT,73082.71,36666.40,40520254.89,,
2004,VA,75902.97,221790.23,46229502.18,,
2004,VT,580.35,70.71,18978.13,,
2004,WA,22501.25,8203.50,18275215.51,,
2004,WI,81522.06,195177.45,51852709.22,,
2004,WV,176426.43,481283.45,89482632.12,,
2004,WY,94580.35,88411.02,51023824.13,,
2005,AK,"10,908.68","3,551.84","3,583,598.7","162,166.8","39,690.3"
2005,AL,"138,269.28","466,164.70","92,043,923.1","3,447,073.9","3,169,994.4"
2005,AR,"38,011.21","71,132.21","29,375,197.8","1,528,239.0","1,065,991.2"
2005,AZ,"81,977.08","53,238.17","58,778,193.0","1,576,157.9","1,616,641.9"
2005,CA,"22,302.45","13,576.65","53,985,904.8","6,117,976.5","899,178.9"
2005,CO,"72,523.23","62,897.66","47,420,655.1","1,165,299.6","1,452,396.6"
2005,CT,"10,086.99","9,165.89","13,485,688.6","2,274,325.3","457,295.8"
2005,DC,412.95,914.34,"274,901.1","23,728.7","4,745.7"
2005,DE,"13,546.31","32,534.86","8,209,955.0","296,927.1","215,766.6"
2005,FL,"232,374.96","427,367.29","147,356,227.6","10,052,442.6","3,886,101.1"
2005,GA,"118,496.71","646,010.65","95,805,693.5","3,007,898.5","3,269,108.9"
2005,HI,"22,355.13","24,009.52","9,973,066.3","1,905,878.4","345,203.5"
2005,IA,"75,754.12","137,912.79","41,947,003.5","984,511.8","1,390,794.3"
2005,ID,757.77,949.00,"723,800.4","207,424.6","37,193.7"
2005,IL,"133,020.84","350,703.25","109,310,141.6","2,552,683.7","3,591,868.2"
2005,IN,"214,229.26","876,661.47","136,006,998.2","3,197,209.9","4,529,353.0"
2005,KS,"89,973.17","136,521.99","43,453,084.3","1,066,380.4","1,435,914.1"
2005,KY,"167,571.04","503,807.18","100,632,256.5","2,360,641.2","3,415,398.9"
2005,LA,"75,548.05","114,467.12","54,472,600.4","2,358,929.2","1,243,498.4"
2005,MA,"26,342.18","83,686.32","29,990,704.0","3,249,178.6","818,561.7"
2005,MD,"64,802.53","287,866.63","35,590,672.9","1,820,454.0","1,196,458.5"
2005,ME,"9,024.74","10,734.92","6,499,973.0","4,024,971.4","571,043.6"
2005,MI,"126,584.90","390,490.65","81,961,230.9","3,606,301.5","2,877,490.0"
2005,MN,"88,480.38","105,570.95","42,183,866.1","2,048,507.3","1,507,279.7"
2005,MO,"128,506.86","295,031.83","83,903,379.0","1,935,821.3","2,790,190.8"
2005,MS,"44,190.09","77,262.10","27,626,151.8","1,194,115.4","785,181.7"
2005,MT,"40,795.63","21,771.26","22,239,943.1","551,190.5","759,879.5"
2005,NC,"115,726.42","510,453.44","79,459,971.8","2,571,438.6","2,765,521.0"
2005,ND,"77,082.25","138,894.30","37,124,155.8","801,563.0","1,192,829.3"
2005,NE,"54,116.87","74,209.47","25,265,169.3","584,468.8","839,872.9"
2005,NH,"11,493.84","55,228.58","9,622,652.3","1,489,325.3","366,366.3"
2005,NJ,"29,863.52","58,199.36","21,775,912.9","1,831,535.3","653,702.4"
2005,NM,"76,309.72","30,669.27","34,009,625.1","817,809.9","1,072,523.1"
2005,NV,"45,933.21","53,553.12","29,479,348.3","819,356.5","730,423.8"
2005,NY,"65,647.39","181,615.48","61,325,138.0","5,472,744.6","1,540,840.6"
2005,OH,"260,352.29","1,116,299.97","139,060,670.8","3,294,991.9","4,693,870.1"
2005,OK,"87,234.01","108,741.39","54,918,161.6","1,522,726.5","1,436,581.1"
2005,OR,"11,003.14","12,932.42","9,939,648.9","840,128.9","237,791.9"
2005,PA,"184,311.23","997,192.45","135,654,583.9","5,541,258.4","4,564,949.7"
2005,RI,644.39,165.92,"2,919,853.8","116,308.2","11,957.8"
2005,SC,"55,594.47","226,159.35","45,817,122.1","1,529,849.3","1,555,340.6"
2005,SD,"14,800.40","11,460.63","3,851,980.4","91,052.9","124,118.7"
2005,TN,"103,412.56","268,048.54","61,076,912.7","1,592,464.6","2,103,950.4"
2005,TX,"196,031.29","597,420.87","269,204,654.5","7,843,575.9","6,099,389.7"
2005,UT,"70,779.96","37,007.65","40,122,566.9","921,222.2","1,342,781.2"
2005,VA,"70,496.04","227,114.45","47,130,905.6","3,230,331.6","1,676,006.1"
2005,VT,581.37,48.48,"13,297.8","506,578.9","67,621.1"
2005,WA,"21,600.13","4,525.15","16,882,589.7","1,672,301.6","616,155.6"
2005,WI,"74,369.76","189,960.37","53,186,665.6","1,578,126.8","1,748,801.6"
2005,WV,"162,304.81","472,124.15","90,236,388.9","2,049,347.8","3,062,605.3"
2005,WY,"91,392.93","90,280.78","51,296,417.0","1,170,313.5","1,696,751.6"
2007,AK,"12,613.11","3,991.73","3,870,171.3","178,811.0","46,691.4"
2007,AL,"127,046.47","453,832.10","95,175,079.1","3,252,679.8","3,104,833.2"
2007,AR,"40,539.86","78,215.37","32,758,019.7","1,384,538.5","1,136,388.6"
2007,AZ,"85,561.19","57,798.14","66,806,501.0","1,796,874.6","1,763,432.8"
2007,CA,"40,895.52","43,185.64","59,745,976.8","6,278,405.6","894,536.1"
2007,CO,"69,513.22","68,294.66","48,707,188.2","1,232,425.3","1,434,672.2"
2007,CT,"13,627.61","38,819.30","11,455,975.3","1,977,435.0","386,072.6"
2007,DC,159.72,374.17,"104,664.7","8,996.1","1,804.4"
2007,DE,"11,239.13","34,089.05","7,696,592.6","209,763.8","219,894.5"
2007,FL,"233,164.23","412,317.22","145,312,945.9","9,490,446.0","3,737,078.8"
2007,GA,"112,749.70","656,549.56","101,695,384.7","2,883,526.7","3,347,770.4"
2007,HI,"27,369.79","45,363.97","8,903,185.2","1,191,239.4","243,537.4"
2007,IA,"57,201.13","143,066.18","44,340,716.1","1,045,355.6","1,467,402.4"
2007,ID,790.74,"1,442.51","801,889.2","154,896.2","28,590.2"
2007,IL,"122,678.89","290,876.32","110,803,587.4","2,585,640.7","3,650,092.1"
2007,IN,"201,840.53","722,497.96","134,051,476.0","3,106,741.6","4,453,239.4"
2007,KS,"70,517.81","115,790.48","43,128,004.9","1,005,625.8","1,420,936.3"
2007,KY,"175,398.81","380,338.47","101,862,091.3","2,379,341.1","3,440,496.2"
2007,LA,"62,684.95","89,651.98","50,112,665.1","2,142,626.2","1,081,046.5"
2007,MA,"23,885.44","88,253.38","28,206,643.0","3,050,805.8","771,221.8"
2007,MD,"57,856.24","302,329.39","33,573,366.7","1,655,057.2","1,162,330.2"
2007,ME,"9,153.02","15,022.68","4,257,425.0","3,157,344.4","453,933.7"
2007,MI,"120,142.19","364,020.79","83,515,634.0","3,346,732.8","2,841,901.1"
2007,MN,"82,915.29","97,016.74","41,499,640.8","2,328,846.5","1,503,548.4"
2007,MO,"109,049.15","270,644.15","81,238,841.2","1,886,681.5","2,687,573.2"
2007,MS,"49,433.37","71,894.86","30,770,982.0","1,094,496.9","786,552.9"
2007,MT,"44,565.19","44,412.88","23,350,584.5","582,111.7","797,239.5"
2007,NC,"68,834.74","393,946.93","80,353,778.6","2,457,234.1","2,737,822.7"
2007,ND,"70,571.12","136,593.54","34,823,011.7","753,614.9","1,119,340.9"
2007,NE,"41,524.21","69,056.19","23,500,501.1","545,547.1","779,286.7"
2007,NH,"7,487.45","46,087.49","7,708,904.4","1,447,021.2","331,090.7"
2007,NJ,"22,884.17","83,492.76","21,937,504.2","1,496,956.8","542,313.8"
2007,NM,"71,867.08","26,671.84","32,184,310.5","791,381.1","985,417.4"
2007,NV,"23,271.91","8,729.85","19,065,644.6","609,908.9","328,629.0"
2007,NY,"56,370.11","149,310.54","54,445,374.0","3,865,532.2","1,227,195.7"
2007,OH,"242,376.03","969,967.97","139,768,179.9","3,352,858.9","4,702,938.4"
2007,OK,"89,987.43","139,046.97","55,557,232.3","1,616,040.9","1,362,662.7"
2007,OR,"14,113.19","17,435.97","11,312,850.0","952,774.7","277,299.3"
2007,PA,"203,951.36","1,061,288.19","136,409,270.4","5,393,096.1","4,516,751.4"
2007,RI,833.07,103.70,"3,201,967.8","127,055.5","12,896.2"
2007,SC,"49,266.61","178,222.87","46,911,223.2","1,657,101.3","1,597,679.3"
2007,SD,"11,017.68","9,733.34","3,473,323.0","83,830.9","108,538.9"
2007,TN,"107,690.44","242,422.34","64,538,994.0","1,689,981.0","2,217,302.5"
2007,TX,"173,904.08","504,628.00","265,054,368.6","7,711,487.2","6,017,653.6"
2007,UT,"77,979.80","30,034.69","43,912,103.2","1,061,986.0","1,391,766.3"
2007,VA,"73,911.33","217,183.74","44,590,344.3","2,812,928.0","1,522,490.8"
2007,VT,666.42,43.95,"10,931.7","438,607.4","58,492.0"
2007,WA,"16,275.15","6,668.71","13,865,412.3","1,053,604.3","464,079.1"
2007,WI,"59,484.91","149,948.83","50,429,615.4","1,706,888.4","1,686,016.3"
2007,WV,"157,074.51","408,683.13","92,380,022.6","2,103,479.5","3,133,278.8"
2007,WY,"82,113.08","87,049.01","51,071,363.4","1,165,665.7","1,726,085.4"
2009,AK,"11,718.53","3,879.54","3,774,145.9","177,773.9","46,877.7"
2009,AL,"53,140.26","283,315.68","74,601,803.6","2,706,022.5","2,270,746.8"
2009,AR,"35,714.86","72,406.12","31,963,586.1","1,128,618.3","999,639.3"
2009,AZ,"66,552.64","36,401.55","60,723,571.3","1,732,339.9","1,596,793.2"
2009,CA,"20,492.48","14,421.68","56,970,357.6","6,355,108.6","917,694.4"
2009,CO,"63,937.49","48,082.10","43,860,031.0","1,097,248.1","1,265,250.2"
2009,CT,"5,690.46","5,866.82","8,999,870.2","1,933,298.9","328,320.5"
2009,DC,81.46,329.52,"44,102.0","3,786.3",757.5
2009,DE,"4,955.89","17,381.14","4,346,095.6","127,086.2","112,853.9"
2009,FL,"111,558.36","239,269.49","130,022,132.3","8,552,722.6","3,050,687.7"
2009,GA,"61,342.36","276,827.50","82,749,718.1","2,464,181.1","2,643,641.0"
2009,HI,"18,232.47","27,119.72","8,406,967.2","1,031,665.1","217,331.7"
2009,IA,"42,073.50","97,161.18","42,136,386.8","959,195.0","1,386,770.2"
2009,ID,730.37,"1,109.12","783,953.6","140,322.8","26,996.1"
2009,IL,"73,497.87","239,970.95","103,507,698.5","2,366,318.0","3,368,662.5"
2009,IN,"114,151.71","418,723.82","118,680,323.3","2,773,127.7","3,933,988.6"
2009,KS,"49,243.20","51,569.92","39,065,904.3","900,550.1","1,247,397.5"
2009,KY,"79,029.18","252,359.37","92,703,424.4","2,142,315.9","3,137,492.8"
2009,LA,"54,985.36","86,194.68","51,332,669.8","2,053,734.8","1,113,633.7"
2009,MA,"15,675.96","40,207.48","21,739,282.0","2,878,162.0","656,345.6"
2009,MD,"19,679.37","203,945.49","26,964,632.6","1,340,622.5","948,656.3"
2009,ME,"4,679.56","5,154.75","4,089,534.5","2,434,613.5","345,660.3"
2009,MI,"86,599.39","283,960.82","77,156,752.1","3,088,274.8","2,631,927.2"
2009,MN,"43,818.79","55,021.58","36,304,500.6","2,514,251.8","1,373,206.1"
2009,MO,"56,905.80","252,787.18","79,853,871.2","1,804,651.0","2,607,346.5"
2009,MS,"27,666.63","42,707.73","26,850,945.4","1,016,159.9","633,762.1"
2009,MT,"21,794.50","34,572.57","19,215,376.8","456,196.7","642,933.4"
2009,NC,"42,877.58","116,154.68","68,184,115.1","2,088,235.9","2,319,329.1"
2009,ND,"63,118.12","131,243.91","35,183,688.0","757,967.8","1,129,987.8"
2009,NE,"46,893.00","76,000.19","27,628,729.9","616,365.4","914,269.0"
2009,NH,"4,838.85","34,984.43","6,056,352.6","1,445,185.1","291,095.6"
2009,NJ,"9,968.39","14,707.58","16,987,375.7","1,397,164.9","356,489.5"
2009,NM,"66,858.87","19,302.01","36,128,703.5","885,890.5","1,081,923.6"
2009,NV,"15,531.54","8,090.14","20,001,091.4","641,744.7","326,124.2"
2009,NY,"28,115.73","50,183.95","38,793,383.0","3,207,029.1","819,022.1"
2009,OH,"101,028.63","619,785.16","121,180,576.3","2,870,831.1","4,018,434.9"
2009,OK,"78,261.19","99,714.45","56,107,267.0","1,615,381.4","1,369,412.9"
2009,OR,"8,887.48","11,655.20","10,303,758.5","854,634.6","210,686.1"
2009,PA,"121,388.41","634,989.77","125,167,126.7","5,348,356.3","4,090,615.3"
2009,RI,652.81,33.38,"3,446,244.9","135,544.0","13,683.2"
2009,SC,"25,120.25","105,727.36","41,282,885.7","1,448,657.3","1,342,794.9"
2009,SD,"12,518.19","12,089.59","3,713,619.3","83,913.3","122,012.6"
2009,TN,"29,393.87","109,739.73","42,709,729.7","1,084,288.9","1,461,400.0"
2009,TX,"163,465.82","455,494.95","247,380,012.6","7,102,751.1","5,582,672.0"
2009,UT,"63,931.94","24,923.97","40,307,267.9","969,690.5","1,287,174.1"
2009,VA,"32,322.18","98,204.98","34,844,682.3","2,615,228.1","1,195,110.0"
2009,VT,370.28,36.65,"7,907.1","387,188.9","51,644.0"
2009,WA,"13,156.04","4,789.44","14,962,326.0","1,083,503.6","446,026.3"
2009,WI,"36,357.70","112,431.00","45,533,964.7","1,465,957.2","1,496,639.3"
2009,WV,"37,405.94","178,181.53","71,154,277.3","1,594,339.8","2,387,629.6"
2009,WY,"69,351.61","77,670.77","48,707,247.0","1,084,789.2","1,612,182.9"
2010,AK,"10,938.14","1,337.80","3,668,215.6","165,562.5","43,488.4"
2010,AL,"66,622.21","209,590.23","85,715,048.6","2,993,903.1","2,540,640.2"
2010,AR,"39,423.06","70,842.77","36,164,186.1","1,244,587.7","1,119,887.4"
2010,AZ,"61,480.17","37,021.35","61,050,565.5","1,724,431.1","1,686,270.6"
2010,CA,"17,579.95","13,726.92","52,220,430.3","6,272,224.6","903,490.5"
2010,CO,"59,701.07","48,893.16","46,144,407.7","1,129,077.5","1,383,861.1"
2010,CT,"6,107.73","5,463.70","10,253,243.4","1,984,006.9","340,003.9"
2010,DC,381.82,889.58,"226,368.4","19,464.6","3,894.0"
2010,DE,"4,551.24","15,107.28","4,326,901.8","127,536.4","116,018.8"
2010,FL,"92,384.69","175,571.78","140,801,771.3","8,944,921.3","3,337,706.8"
2010,GA,"64,109.32","236,463.00","88,428,450.5","2,724,620.9","2,797,085.9"
2010,HI,"18,088.29","21,402.83","8,356,670.1","1,001,264.1","217,665.6"
2010,IA,"46,871.57","113,880.84","46,718,005.7","1,070,014.1","1,536,928.7"
2010,ID,733.98,"1,267.85","793,345.7","146,715.0","27,701.4"
2010,IL,"81,514.56","232,967.64","107,988,153.3","2,476,797.1","3,497,646.7"
2010,IN,"123,751.71","419,876.66","125,300,699.5","2,945,056.5","4,115,309.6"
2010,KS,"49,566.37","45,257.35","39,853,473.1","914,404.8","1,279,980.3"
2010,KY,"92,165.97","272,033.30","101,776,482.9","2,368,627.8","3,428,294.9"
2010,LA,"81,650.26","112,313.06","58,043,121.0","2,413,780.1","1,197,371.3"
2010,MA,"16,206.00","43,043.41","22,829,787.4","2,909,216.0","631,688.1"
2010,MD,"21,731.66","34,508.33","29,435,319.8","1,476,599.3","1,012,842.9"
2010,ME,"4,676.07","4,892.91","4,110,254.7","2,415,898.5","346,206.6"
2010,MI,"84,762.09","253,278.56","78,302,919.0","3,137,100.8","2,626,947.8"
2010,MN,"38,030.18","46,864.13","34,938,226.7","2,607,814.6","1,323,661.7"
2010,MO,"62,419.34","248,739.78","84,647,824.2","1,920,562.8","2,747,571.4"
2010,MS,"30,663.49","56,675.49","30,615,271.3","1,127,202.4","663,138.6"
2010,MT,"23,004.30","31,607.98","22,228,592.4","493,021.9","736,585.4"
2010,NC,"54,538.31","123,403.67","76,432,458.8","2,332,576.7","2,550,615.2"
2010,ND,"55,465.94","125,576.20","33,931,163.2","731,527.3","1,090,089.2"
2010,NE,"38,001.58","65,002.36","26,646,390.3","594,805.1","880,411.6"
2010,NH,"5,882.45","38,441.83","6,178,537.5","1,452,810.8","297,656.3"
2010,NJ,"10,857.95","17,100.88","20,279,670.9","1,487,132.6","412,036.0"
2010,NM,"60,817.45","16,576.43","32,828,620.2","814,428.3","966,457.8"
2010,NV,"13,716.25","8,068.82","18,532,489.6","593,046.7","307,689.7"
2010,NY,"29,682.22","54,626.86","43,255,846.7","3,338,932.5","873,966.3"
2010,OH,"110,770.95","595,525.49","126,605,522.9","3,157,858.3","4,178,568.0"
2010,OK,"76,560.04","90,317.68","53,474,671.9","1,547,352.0","1,268,905.7"
2010,OR,"10,761.32","15,973.27","11,112,587.0","873,122.3","240,968.9"
2010,PA,"136,940.19","420,696.93","134,692,699.6","5,549,904.2","4,304,606.4"
2010,RI,673.13,28.71,"3,524,651.0","138,535.3","13,966.9"
2010,SC,"31,229.71","106,152.84","45,600,605.9","1,584,510.2","1,487,071.1"
2010,SD,"12,897.43","12,844.12","3,895,860.1","88,106.8","126,620.9"
2010,TN,"32,659.61","122,116.65","46,817,471.5","1,187,033.8","1,573,736.7"
2010,TX,"156,493.51","463,923.55","261,563,593.8","7,431,309.4","6,079,946.8"
2010,UT,"63,268.33","26,054.71","38,664,161.7","931,731.4","1,233,200.5"
2010,VA,"40,080.56","96,676.48","37,871,435.6","2,704,342.2","1,216,140.6"
2010,VT,326.75,32.46,"9,510.7","422,239.5","56,331.7"
2010,WA,"14,444.51","4,131.33","15,516,229.8","1,250,091.0","512,209.0"
2010,WI,"36,012.24","117,717.52","50,101,006.6","1,731,707.7","1,675,594.5"
2010,WV,"53,129.94","110,445.10","79,503,716.3","1,784,259.2","2,671,080.7"
2010,WY,"63,537.87","67,927.83","50,262,255.0","1,119,196.7","1,665,087.0"
2012,AK,"11,728.39","2,384.25","3,766,232.7","170,189.7","46,156.7"
2012,AL,"49,346.43","137,191.46","76,372,600.9","2,944,703.1","2,041,775.6"
2012,AR,"37,359.33","82,001.39","40,020,363.7","1,562,067.5","1,244,521.8"
2012,AZ,"49,017.27","21,055.10","58,602,854.8","1,724,213.4","1,588,514.7"
2012,CA,"18,268.77","17,622.66","57,165,609.7","6,596,594.8","894,245.8"
2012,CO,"51,081.16","41,588.09","43,843,974.1","1,063,915.8","1,320,662.8"
2012,CT,"4,385.74","19,617.59","9,332,621.5","2,009,867.9","264,162.7"
2012,DC,45.36,23.10,"44,221.2","2,367.3",350.4
2012,DE,"2,412.33","3,279.30","5,424,329.7","184,373.8","78,240.4"
2012,FL,"72,573.66","142,273.76","125,651,562.0","8,748,624.0","2,690,783.8"
2012,GA,"38,558.19","115,772.35","65,893,467.8","2,403,508.2","1,804,357.7"
2012,HI,"15,333.42","25,283.44","7,699,913.5","880,985.7","199,607.3"
2012,IA,"36,946.08","96,060.26","39,703,157.9","914,611.3","1,301,654.2"
2012,ID,649.87,776.63,"885,058.9","143,366.7","26,625.3"
2012,IL,"58,676.99","167,044.47","98,493,066.0","2,284,823.0","3,096,563.1"
2012,IN,"106,788.30","280,009.33","109,335,741.6","2,645,075.2","3,476,021.9"
2012,KS,"34,307.96","32,927.81","35,312,851.8","820,114.2","1,113,954.1"
2012,KY,"80,461.03","186,531.72","93,278,019.4","2,171,107.4","3,115,383.1"
2012,LA,"57,596.35","94,601.58","59,664,031.3","2,404,235.3","1,163,119.6"
2012,MA,"11,083.45","27,474.68","16,287,831.5","2,872,403.6","450,408.3"
2012,MD,"17,762.97","33,960.21","22,269,423.2","1,276,615.9","719,514.9"
2012,ME,"4,536.44","9,937.79","4,056,809.3","1,951,507.9","277,885.7"
2012,MI,"71,122.96","204,752.48","71,154,710.4","3,027,319.3","2,247,953.6"
2012,MN,"30,490.58","29,425.86","30,282,137.1","2,382,107.5","1,112,529.7"
2012,MO,"72,777.44","148,577.63","79,170,368.7","1,817,465.0","2,562,970.0"
2012,MS,"20,935.08","39,046.53","26,741,087.0","1,190,006.1","445,222.4"
2012,MT,"18,086.67","25,992.63","17,863,470.4","400,813.4","583,315.9"
2012,NC,"48,807.76","60,973.29","61,760,659.6","2,669,867.9","1,970,798.0"
2012,ND,"48,794.93","86,794.80","33,454,500.2","719,669.8","1,074,306.0"
2012,NE,"28,440.45","63,840.56","28,008,190.7","628,880.0","918,519.8"
2012,NH,"3,598.88","3,324.05","4,920,946.3","1,441,319.2","235,472.1"
2012,NJ,"6,494.48","12,195.68","16,860,463.9","1,436,774.7","287,520.8"
2012,NM,"60,305.34","16,564.06","32,310,828.2","800,732.6","952,779.6"
2012,NV,"9,756.65","4,876.18","16,119,342.4","551,201.7","201,328.5"
2012,NY,"23,118.18","34,220.30","38,169,117.1","3,324,160.7","561,770.0"
2012,OH,"87,353.25","348,748.84","104,821,036.4","2,645,130.3","3,182,766.7"
2012,OK,"68,415.01","78,711.17","53,328,418.3","1,589,071.8","1,225,751.6"
2012,OR,"4,522.92","14,399.06","7,896,254.3","665,314.4","186,427.9"
2012,PA,"133,396.37","279,451.59","118,496,909.6","5,293,017.5","3,486,416.1"
2012,RI,762.17,35.62,"3,768,286.1","148,274.5","14,973.0"
2012,SC,"21,243.79","54,472.96","37,176,847.9","1,684,240.0","1,197,347.9"
2012,SD,"10,849.69","12,403.15","3,358,271.8","77,327.0","107,308.6"
2012,TN,"23,869.57","69,210.21","42,463,377.1","1,126,716.7","1,342,973.9"
2012,TX,"150,149.67","410,195.38","258,352,875.5","7,671,865.4","5,623,891.9"
2012,UT,"51,961.45","23,116.61","35,475,233.4","871,733.2","1,103,711.6"
2012,VA,"24,925.47","41,121.56","28,892,649.6","2,438,306.3","811,218.6"
2012,VT,196.71,60.10,"13,780.1","341,084.3","45,542.0"
2012,WA,"6,848.53","6,357.58","7,342,211.5","892,265.5","280,845.7"
2012,WI,"27,372.34","71,901.90","43,242,292.9","1,807,488.0","1,401,191.1"
2012,WV,"50,578.41","88,849.23","72,352,646.6","1,622,530.6","2,427,499.4"
2012,WY,"49,592.64","50,386.32","52,023,827.5","1,159,613.9","1,719,605.7"
2014, AK ," 9,998 "," 1,909 "," 2,407,768 "," 121,798 "," 18,968 "
2014, AL ," 46,135 "," 109,699 "," 71,737,974 "," 5,991,633 "," 871,956 "
2014, AR ," 35,783 "," 70,515 "," 36,121,948 "," 3,844,896 "," 564,791 "
2014, AZ ," 44,846 "," 20,512 "," 55,150,616 "," 5,129,803 "," 737,318 "
2014, CA ," 20,916 "," 4,839 "," 49,690,677 "," 3,030,330 "," 370,915 "
2014, CO ," 38,454 "," 24,729 "," 38,914,777 "," 3,859,254 "," 556,485 "
2014, CT ," 6,267 "," 1,662 "," 8,216,125 "," 1,018,544 "," 132,620 "
2014, DC , -   , 0 ," 36,365 ", 685 , 69 
2014, DE ," 2,079 ", 752 ," 3,604,784 "," 172,471 "," 22,900 "
2014, FL ," 67,676 "," 92,755 "," 114,680,994 "," 9,397,794 "," 1,296,848 "
2014, GA ," 36,392 "," 68,273 "," 63,098,760 "," 6,029,322 "," 902,062 "
2014, HI ," 17,738 "," 34,058 "," 6,196,954 "," 655,071 "," 101,277 "
2014, IA ," 30,962 "," 67,400 "," 34,780,467 "," 3,894,997 "," 565,893 "
2014, ID ," 15,575 ", 958 ," 1,010,180 "," 71,051 "," 11,651 "
2014, IL ," 44,868 "," 135,156 "," 91,387,609 "," 10,134,696 "," 1,472,169 "
2014, IN ," 102,447 "," 266,676 "," 103,453,818 "," 11,069,877 "," 1,607,826 "
2014, KS ," 25,152 "," 28,640 "," 32,007,656 "," 3,471,228 "," 504,137 "
2014, KY ," 79,747 "," 183,700 "," 85,934,762 "," 9,855,415 "," 1,436,230 "
2014, LA ," 40,285 "," 60,980 "," 46,000,884 "," 3,202,775 "," 465,134 "
2014, MA ," 9,482 "," 5,244 "," 12,598,471 "," 1,593,444 "," 211,144 "
2014, MD ," 14,754 "," 22,988 "," 20,065,278 "," 2,454,930 "," 354,152 "
2014, ME ," 2,888 "," 2,125 "," 2,140,717 "," 1,010,746 "," 143,314 "
2014, MI ," 58,256 "," 142,396 "," 62,093,645 "," 6,982,422 "," 1,008,210 "
2014, MN ," 25,052 "," 26,316 "," 31,272,647 "," 3,981,163 "," 570,910 "
2014, MO ," 68,237 "," 123,006 "," 70,033,834 "," 8,334,126 "," 1,210,565 "
2014, MS ," 18,843 "," 84,061 "," 24,788,855 "," 1,588,944 "," 229,335 "
2014, MT ," 18,319 "," 13,665 "," 17,875,576 "," 1,866,309 "," 277,702 "
2014, NC ," 39,423 "," 39,404 "," 56,507,535 "," 5,994,231 "," 864,455 "
2014, ND ," 42,304 "," 45,890 "," 30,139,465 "," 3,355,054 "," 487,940 "
2014, NE ," 22,873 "," 55,917 "," 25,107,381 "," 2,860,087 "," 415,905 "
2014, NH ," 3,585 "," 2,625 "," 3,407,961 "," 948,074 "," 126,310 "
2014, NJ ," 9,592 "," 2,209 "," 16,868,642 "," 1,224,601 "," 158,017 "
2014, NM ," 41,026 "," 10,946 "," 24,801,035 "," 2,433,735 "," 350,533 "
2014, NV ," 13,098 "," 9,637 "," 15,726,695 "," 963,003 "," 132,306 "
2014, NY ," 25,307 "," 19,182 "," 31,756,305 "," 2,271,901 "," 297,551 "
2014, OH ," 82,919 "," 284,173 "," 98,232,057 "," 10,381,440 "," 1,505,188 "
2014, OK ," 35,807 "," 69,255 "," 43,277,527 "," 3,812,752 "," 546,861 "
2014, OR ," 8,676 "," 7,071 "," 8,501,642 "," 775,795 "," 104,612 "
2014, PA ," 119,360 "," 250,080 "," 99,816,741 "," 9,302,703 "," 1,478,163 "
2014, RI , 761 , 70 ," 2,529,313 "," 48,080 "," 4,994 "
2014, SC ," 15,296 "," 25,589 "," 32,514,173 "," 3,640,761 "," 532,637 "
2014, SD ," 9,628 "," 12,574 "," 3,106,053 "," 329,245 "," 47,730 "
2014, TN ," 17,335 "," 49,866 "," 38,693,410 "," 4,082,238 "," 597,332 "
2014, TX ," 133,837 "," 316,087 "," 236,536,818 "," 17,094,616 "," 2,420,798 "
2014, UT ," 50,046 "," 26,554 "," 35,427,624 "," 3,704,484 "," 543,455 "
2014, VA ," 25,727 "," 30,304 "," 31,000,189 "," 3,742,806 "," 530,791 "
2014, VT , 386 , 54 ," 73,189 "," 202,614 "," 26,624 "
2014, WA ," 8,697 "," 3,964 "," 11,910,727 "," 1,249,536 "," 179,466 "
2014, WI ," 24,131 "," 41,353 "," 42,215,161 "," 4,610,588 "," 668,249 "
2014, WV ," 64,380 "," 86,276 "," 72,583,647 "," 8,344,935 "," 1,228,007 "
2014, WY ," 38,727 "," 34,466 "," 45,370,917 "," 5,064,304 "," 736,439 "
2016,AK,"21,008","1,748","2,932,683","398,059","57,866"
2016,AL,"29,881","28,836","65,211,148","9,884,812","1,442,043"
2016,AR,"27,940","48,694","33,717,770","6,322,493","925,414"
2016,AZ,"33,982","12,955","50,682,560","7,318,405","1,204,365"
2016,CA,"46,857","3,611","44,648,567","5,081,974","622,374"
2016,CO,"30,471","19,170","39,953,306","7,935,324","1,142,854"
2016,CT,"5,854",635,"9,096,160","2,210,701","282,659"
2016,DC,175,4,"18,422","1,796",188
2016,DE,"1,732",526,"3,874,126","285,365","35,433"
2016,FL,"65,083","44,555","121,996,344","18,267,029","2,493,685"
2016,GA,"29,621","23,887","66,567,671","11,421,385","1,667,514"
2016,HI,"22,345","37,332","7,571,577","1,562,895","240,099"
2016,IA,"21,001","28,502","27,140,015","2,777,849","866,758"
2016,ID,"2,090",521,"1,477,572","127,719","20,549"
2016,IL,"33,486","89,396","76,035,677","9,067,526","2,241,444"
2016,IN,"86,576","87,847","91,901,515","18,786,051","2,718,379"
2016,KS,"18,062","7,160","28,454,163","6,132,900","890,047"
2016,KY,"58,526","76,475","78,439,290","15,168,864","2,541,423"
2016,LA,"43,820","38,597","46,949,097","5,280,308","774,004"
2016,MA,"8,348","3,625","13,121,389","3,216,975","419,756"
2016,MD,"11,548","17,541","18,819,051","2,912,422","614,641"
2016,ME,"3,326","1,666","1,939,972","1,885,988","268,057"
2016,MI,"46,618","86,271","61,658,803","7,008,285","1,753,601"
2016,MN,"20,098","17,474","30,398,579","7,362,181","1,052,128"
2016,MO,"57,269","100,047","66,337,989","9,577,432","2,194,475"
2016,MS,"13,465","5,082","29,576,726","1,805,331","346,816"
2016,MT,"15,603","14,193","17,378,904","3,744,737","557,974"
2016,NC,"36,492","29,106","56,716,823","10,435,264","1,493,874"
2016,ND,"37,479","45,313","31,491,915","4,903,027","1,019,518"
2016,NE,"20,990","51,539","23,828,060","5,179,356","795,766"
2016,NH,"2,271",759,"2,994,227","1,948,868","255,376"
2016,NJ,"9,131","2,081","21,643,003","2,605,938","324,485"
2016,NM,"38,734","8,265","25,890,070","4,929,232","708,553"
2016,NV,"9,362","3,118","15,101,321","1,067,135","133,605"
2016,NY,"22,847","9,164","31,110,393","4,127,019","523,264"
2016,OH,"59,880","106,170","87,167,528","14,892,742","2,587,190"
2016,OK,"27,175","50,196","41,046,732","4,958,960","829,944"
2016,OR,"10,599","4,192","9,204,524","1,225,029","163,928"
2016,PA,"88,301","103,118","91,988,694","11,149,191","2,443,317"
2016,RI,801,75,"2,858,424","108,586","11,033"
2016,SC,"13,683","11,636","30,522,786","2,392,333","893,423"
2016,SD,"1,063",729,"2,640,861","508,920","73,261"
2016,TN,"20,342","31,861","39,363,688","5,839,158","1,186,808"
2016,TX,"137,387","247,401","238,211,887","35,686,431","5,036,520"
2016,UT,"33,874","16,750","31,029,039","6,314,639","927,132"
2016,VA,"25,777","11,805","37,660,633","7,661,656","1,070,008"
2016,VT,340,12,"54,364","307,674","40,412"
2016,WA,"8,507","2,841","10,658,190","1,138,469","322,734"
2016,WI,"21,867","16,382","45,115,419","4,673,330","1,287,093"
2016,WV,"50,513","44,840","75,022,431","16,049,844","2,538,768"
2016,WY,"36,848","32,523","47,269,241","10,384,822","1,509,908"
